headings_match,orig_header,aLabel,vLabel,lcsh_type,token,rdftypes,talk_title,talk_time,url,is_speaker,display_name
True,"Sheshinski, Eytan","Sheshinski, Eytan",,PersonalName,n92099890,PersonalName|SimpleType|Name|Authority,Policy Implications on Bounded Rationality,2003-11-14T11:00:00,https://id.loc.gov/authorities/names/suggest2/?q=Sheshinski%2C%20Eytan,TRUE,Eytan Sheshinski
True,"Michalowski, Piotr, 1948-","Michalowski, Piotr, 1948-",,PersonalName,n82080661,PersonalName|SimpleType|Name|Authority,Ancient Mesopotamia: An Antique Land and a Ravaged Past,2003-11-14T12:00:00,https://id.loc.gov/authorities/names/suggest2/?q=Michalowski%2C%20Piotr%2C%201948-,TRUE,Piotr Michalowski
False,"Adams, Robert McCormick, 1926-","Adams, Robert McC. (Robert McCormick), 1926-2018","Adams, Robert McCormick, 1926-2018",PersonalName,n80060315,PersonalName|SimpleType|Name|Authority,Contexts of Iraqi Looting,2003-11-14T13:00:00,https://id.loc.gov/authorities/names/suggest2/?q=Adams%2C%20Robert%20McCormick%2C%201926-,TRUE,Robert McCormick Adams
False,"Shaw, Gwendolyn DuBois","Shaw, Gwendolyn DuBois, 1968-",,PersonalName,n2004007524,PersonalName|SimpleType|Name|Authority,Portraiture and the Development of African American Identity in the 19th Century,2003-11-14T14:00:00,https://id.loc.gov/authorities/names/suggest2/?q=Shaw%2C%20Gwendolyn%20DuBois,TRUE,Gwendolyn DuBois Shaw
True,"Fine, Ruth, 1941-","Fine, Ruth, 1941-",,PersonalName,n81018660,PersonalName|SimpleType|Name|Authority,Expanding the Mainstream: Romare Bearden Revisited,2003-11-14T15:00:00,https://id.loc.gov/authorities/names/suggest2/?q=Fine%2C%20Ruth%2C%201941-,TRUE,Ruth Fine
True,"Vacanti, Joseph","Vacanti, Joseph",,PersonalName,nr00025693,PersonalName|SimpleType|Name|Authority,Regenerative Medicine and Tissue Engineering,2003-11-15T09:00:00,https://id.loc.gov/authorities/names/suggest2/?q=Vacanti%2C%20Joseph,TRUE,Joseph P. Vacanti
True,"Ridgway, Brunilde Sismondo, 1929-","Ridgway, Brunilde Sismondo, 1929-",,PersonalName,n79134904,PersonalName|SimpleType|Name|Authority,The Study of Greek Sculpture in the 21st Century,2003-11-15T10:00:00,https://id.loc.gov/authorities/names/suggest2/?q=Ridgway%2C%20Brunilde%20Sismondo%2C%201929-,TRUE,Brunilde S. Ridgway
True,"Collins, Jeffrey Laird","Collins, Jeffrey Laird",,PersonalName,nr97008806,PersonalName|SimpleType|Name|Authority,Megalithomania: Obelisks and Empire in Papal Rome,2003-11-15T11:00:00,https://id.loc.gov/authorities/names/suggest2/?q=Collins%2C%20Jeffrey%20Laird,TRUE,Jeffrey Collins
False,"Coffin, John Miller, 1944-",,,PersonalName,,,Evolution of Retroviruses: Fossils in our DNA,2003-11-15T12:00:00,https://id.loc.gov/authorities/names/suggest2/?q=Coffin%2C%20John%20Miller%2C%201944-,TRUE,John M. Coffin
False,"Weiss, Robin A.",,,PersonalName,,,"Circe, Cassandra and Trojan Pigs: Xenotransplantation",2003-11-15T13:00:00,https://id.loc.gov/authorities/names/suggest2/?q=Weiss%2C%20Robin%20A.,TRUE,Robin A. Weiss
True,"Villarreal, Luis P.","Villarreal, Luis P.",,PersonalName,n88185161,PersonalName|SimpleType|Name|Authority,Can Persisting Viruses Drive Human Evolution?,2003-11-15T14:00:00,https://id.loc.gov/authorities/names/suggest2/?q=Villarreal%2C%20Luis%20P.,TRUE,Luis P. Villarreal
False,"Bear, Greg, 1951-","Bear, Greg, 1951-2022",,PersonalName,n82118842,PersonalName|SimpleType|Name|Authority,When Genes Go Walkabout: Viruses in the Blueprint,2003-11-15T15:00:00,https://id.loc.gov/authorities/names/suggest2/?q=Bear%2C%20Greg%2C%201951-,TRUE,Greg Bear
False,"Grosz, Barbara Jean, 1948-",,,PersonalName,,,Beyond Mice and Menus,2003-11-14T09:00:00,https://id.loc.gov/authorities/names/suggest2/?q=Grosz%2C%20Barbara%20Jean%2C%201948-,TRUE,Barbara J. Grosz
True,"Lee, Ruby B.","Lee, Ruby B.",,PersonalName,n87821873,PersonalName|SimpleType|Name|Authority,Architecture for Cyber Security,2003-11-14T10:00:00,https://id.loc.gov/authorities/names/suggest2/?q=Lee%2C%20Ruby%20B.,TRUE,Ruby B. Lee
False,"McClellan, James E. (James Edward), 1946-",,,PersonalName,,,"Accident, Luck and Serendipity in Historical Research",2003-11-14T11:30:00,https://id.loc.gov/authorities/names/suggest2/?q=McClellan%2C%20James%20E.%20%28James%20Edward%29%2C%201946-,TRUE,James E. McClellan III
True,"Rudwick, M. J. S.","Rudwick, M. J. S.",,PersonalName,n80014396,PersonalName|SimpleType|Name|Authority,Picturing Nature in the Age of Enlightenment,2004-04-22T9:00:00,https://id.loc.gov/authorities/names/suggest2/?q=Rudwick%2C%20M.%20J.%20S.,TRUE,Martin Rudwick
True,"Nichols, Ashton, 1953-","Nichols, Ashton, 1953-",,PersonalName,n85162401,PersonalName|SimpleType|Name|Authority,Roaring Alligators and Burning Tygers: Poetry and Science from William Bartram to Charles Darwin,2004-04-22T10:00:00,https://id.loc.gov/authorities/names/suggest2/?q=Nichols%2C%20Ashton%2C%201953-,TRUE,Ashton Nichols
True,"Schiebinger, Londa L.","Schiebinger, Londa L.",,PersonalName,n88637871,PersonalName|SimpleType|Name|Authority,Agnotology and Exotic Abortifacients: The Cultural Production of Ignorance in Eighteenth-Century Science,2004-04-22T11:00:00,https://id.loc.gov/authorities/names/suggest2/?q=Schiebinger%2C%20Londa%20L.,TRUE,Londa Schiebinger
False,"Wilson, Edward Osborne, 1929-",,,PersonalName,,,"The Linnaean Enterprise: Past, Present and Future",2004-04-22T12:00:00,https://id.loc.gov/authorities/names/suggest2/?q=Wilson%2C%20Edward%20Osborne%2C%201929-,TRUE,Edward O. Wilson
True,"Katz, Stanley Nider","Katz, Stanley Nider",,PersonalName,n50044666,PersonalName|SimpleType|Name|Authority,"What Does it Mean to Say that Philanthropy is ""Effective""",2004-04-23T9:00:00,https://id.loc.gov/authorities/names/suggest2/?q=Katz%2C%20Stanley%20Nider,TRUE,Stanley N. Katz
False,"Brest, Paul A, 1940-",,,PersonalName,,,Taking the Heart Out of Philanthropy,2004-04-23T10:00:00,https://id.loc.gov/authorities/names/suggest2/?q=Brest%2C%20Paul%20A%2C%201940-,TRUE,Paul Brest
True,"Pollak, Louis H.","Pollak, Louis H.",,PersonalName,n97116766,PersonalName|SimpleType|Name|Authority,Introduction,2004-04-23T11:00:00,https://id.loc.gov/authorities/names/suggest2/?q=Pollak%2C%20Louis%20H.,TRUE,Louis H. Pollak
True,"Coleman, William T. (William Thaddeus), 1920-2017","Coleman, William T. (William Thaddeus), 1920-2017",,PersonalName,n94072646,PersonalName|SimpleType|Name|Authority,"Truths Which, Fortunately, Were Self-Evident",2004-04-23T12:00:00,https://id.loc.gov/authorities/names/suggest2/?q=Coleman%2C%20William%20T.%20%28William%20Thaddeus%29%2C%201920-2017,TRUE,"William T. Coleman, Jr."
True,"Lester, Anthony, 1936-","Lester, Anthony, 1936-2020","Lester, Anthony, 1936-",PersonalName,nb99074103,PersonalName|SimpleType|Name|Authority,Brown v. Board of Education Overseas,2004-04-23T13:00:00,https://id.loc.gov/authorities/names/suggest2/?q=Lester%2C%20Anthony%2C%201936-,TRUE,Anthony Lester
True,"Weissman, Irving L.","Weissman, Irving L.",,PersonalName,n79078566,PersonalName|SimpleType|Name|Authority,"Cell Science, Stem Cell Plasticity, and Stem Cell Politics",2004-04-23T14:00:00,https://id.loc.gov/authorities/names/suggest2/?q=Weissman%2C%20Irving%20L.,TRUE,Irving Weissman
True,"Vita-Finzi, Claudio","Vita-Finzi, Claudio",,PersonalName,n50013483,PersonalName|SimpleType|Name|Authority,The Inconstant Sun,2004-04-23T15:00:00,https://id.loc.gov/authorities/names/suggest2/?q=Vita-Finzi%2C%20Claudio,TRUE,Claudio Vita-Finzi
True,"Heaney, Seamus, 1939-2013","Heaney, Seamus, 1939-2013",,PersonalName,n79099140,PersonalName|SimpleType|Name|Authority,Title Deeds: On Translating a Classic,2004-04-23T16:00:00,https://id.loc.gov/authorities/names/suggest2/?q=Heaney%2C%20Seamus%2C%201939-2013,TRUE,Seamus Heaney
True,"Sullivan, Kathleen M., 1955-","Sullivan, Kathleen M., 1955-",,PersonalName,n97025747,PersonalName|SimpleType|Name|Authority,Privacy and the Constitution,2004-04-24T9:00:00,https://id.loc.gov/authorities/names/suggest2/?q=Sullivan%2C%20Kathleen%20M.%2C%201955-,TRUE,Kathleen Sullivan
True,"Lessig, Lawrence","Lessig, Lawrence",,PersonalName,no99044097,PersonalName|SimpleType|Name|Authority,The Code of Privacy,2004-04-24T10:00:00,https://id.loc.gov/authorities/names/suggest2/?q=Lessig%2C%20Lawrence,TRUE,Lawrence Lessig
True,"Rosen, Jeffrey, 1964-","Rosen, Jeffrey, 1964-",,PersonalName,n99281873,PersonalName|SimpleType|Name|Authority,The Silver Bullet: Protecting Privacy and Security Through Law and Technology,2004-04-24T11:00:00,https://id.loc.gov/authorities/names/suggest2/?q=Rosen%2C%20Jeffrey%2C%201964-,TRUE,Jeffrey Rosen
True,"Allen, Anita L., 1953-","Allen, Anita L., 1953-",,PersonalName,n87875521,PersonalName|SimpleType|Name|Authority,Face to Face with It: Privacies of Health,2004-04-24T12:00:00,https://id.loc.gov/authorities/names/suggest2/?q=Allen%2C%20Anita%20L.%2C%201953-,TRUE,Anita L. Allen
True,"Ronda, James P., 1943-","Ronda, James P., 1943-",,PersonalName,n78030635,PersonalName|SimpleType|Name|Authority,"""To Acquire What Knolege Your Can"": Thomas Jefferson Defines Western Exploration",2004-11-12T08:00:00,https://id.loc.gov/authorities/names/suggest2/?q=Ronda%2C%20James%20P.%2C%201943-,TRUE,James P. Ronda
True,"Allen, John Logan, 1941-","Allen, John Logan, 1941-",,PersonalName,n89643589,PersonalName|SimpleType|Name|Authority,Legacies of Lewis and Clark: The Immediate Response of the American Fur Trade,2004-11-12T09:00:00,https://id.loc.gov/authorities/names/suggest2/?q=Allen%2C%20John%20Logan%2C%201941-,TRUE,John Logan Allen
True,"Oberg, Barbara","Oberg, Barbara","Oberg, Barbara B.",PersonalName,n81083506,PersonalName|SimpleType|Name|Authority,Legacies of Lewis and Clark: The Immediate Response of the American Fur Trade,2004-11-12T09:00:00,https://id.loc.gov/authorities/names/suggest2/?q=Oberg%2C%20Barbara,TRUE,Barbara Oberg
True,"Sandweiss, Martha A.","Sandweiss, Martha A.",,PersonalName,n78053343,PersonalName|SimpleType|Name|Authority,Picturing the Nineteenth-Century West,2004-11-12T10:00:00,https://id.loc.gov/authorities/names/suggest2/?q=Sandweiss%2C%20Martha%20A.,TRUE,Martha A. Sandweiss
False,"Grunsfeld, John Mace","Grunsfeld, John Mace, 1958-",,PersonalName,nb2017004412,PersonalName|SimpleType|Name|Authority,"Earth, Moon, Mars and Beyond: The Future of Space Exploration",2004-11-12T11:00:00,https://id.loc.gov/authorities/names/suggest2/?q=Grunsfeld%2C%20John%20Mace,TRUE,John Mace Grunsfeld
False,"Ivins, Marsha",,,PersonalName,,,"Earth, Moon, Mars and Beyond: The Future of Space Exploration",2004-11-12T11:00:00,https://id.loc.gov/authorities/names/suggest2/?q=Ivins%2C%20Marsha,TRUE,Marsha Ivins
True,"Lederman, Leon M.","Lederman, Leon M.",,PersonalName,n88265847,PersonalName|SimpleType|Name|Authority,The Future of High Energy Physics,2004-11-12T12:00:00,https://id.loc.gov/authorities/names/suggest2/?q=Lederman%2C%20Leon%20M.,TRUE,Leon Lederman
True,"Nussbaum, Martha C. (Martha Craven), 1947-","Nussbaum, Martha C. (Martha Craven), 1947-",,PersonalName,n78028978,PersonalName|SimpleType|Name|Authority,Disgust and the Law,2004-11-12T13:00:00,https://id.loc.gov/authorities/names/suggest2/?q=Nussbaum%2C%20Martha%20C.%20%28Martha%20Craven%29%2C%201947-,TRUE,Martha Nussbaum
True,"Fulcher, Jane F.","Fulcher, Jane F.",,PersonalName,n86001462,PersonalName|SimpleType|Name|Authority,"Renegotiating French Identity: Vichy's Collaboration, Incoherence, and Antigone's Triumph",2004-11-12T14:00:00,https://id.loc.gov/authorities/names/suggest2/?q=Fulcher%2C%20Jane%20F.,TRUE,Jane F. Fulcher
True,"Gilliam, Bryan Randolph","Gilliam, Bryan Randolph",,PersonalName,n87135209,PersonalName|SimpleType|Name|Authority,Richard Strauss and the National Socialist Regime,2004-11-12T15:00:00,https://id.loc.gov/authorities/names/suggest2/?q=Gilliam%2C%20Bryan%20Randolph,TRUE,Bryan Gilliam
True,"Wald, Patricia M.","Wald, Patricia M.",,PersonalName,no2004057204,PersonalName|SimpleType|Name|Authority,Some Kudos and Some Concerns about International Courts,2004-11-13T08:00:00,https://id.loc.gov/authorities/names/suggest2/?q=Wald%2C%20Patricia%20M.,TRUE,Patricia M. Wald
True,"Bernard, Paul","Bernard, Paul",,PersonalName,n80042173,PersonalName|SimpleType|Name|Authority,Afghanistan: The Destruction of an Archaeological Heritage,2004-11-13T09:00:00,https://id.loc.gov/authorities/names/suggest2/?q=Bernard%2C%20Paul,TRUE,Paul Bernard
True,"Hinds, Stephen","Hinds, Stephen","Hinds, Stephen E.",PersonalName,n86059593,PersonalName|SimpleType|Name|Authority,"Ovid, Time and Exile",2004-11-13T10:00:00,https://id.loc.gov/authorities/names/suggest2/?q=Hinds%2C%20Stephen,TRUE,Stephen Hinds
True,"Rhodes, Frank Harold Trevor","Rhodes, Frank Harold Trevor",,PersonalName,n50044852,PersonalName|SimpleType|Name|Authority,Dedication: Edgar P. and Constance C. Richardson Hall,2004-11-13T12:00:00,https://id.loc.gov/authorities/names/suggest2/?q=Rhodes%2C%20Frank%20Harold%20Trevor,TRUE,Frank Harold Trevor Rhodes
True,"Evenson, Robert E. (Robert Eugene), 1934-","Evenson, Robert E. (Robert Eugene), 1934-",,PersonalName,n86052701,PersonalName|SimpleType|Name|Authority,Beating Malthus: The Green Revolution,2004-11-13T13:00:00,https://id.loc.gov/authorities/names/suggest2/?q=Evenson%2C%20Robert%20E.%20%28Robert%20Eugene%29%2C%201934-,TRUE,Robert E. Evenson
True,"Naylor, Rosamond","Naylor, Rosamond",,PersonalName,no97071585,PersonalName|SimpleType|Name|Authority,Unleashing the Genius of the Genome to Feed the Developing World,2004-11-13T14:00:00,https://id.loc.gov/authorities/names/suggest2/?q=Naylor%2C%20Rosamond,TRUE,Rosamond L. Naylor
True,"Herdt, Robert W., 1939-","Herdt, Robert W., 1939-",,PersonalName,n84011941,PersonalName|SimpleType|Name|Authority,"Treaties, Intellectual Property, Market Power and Food in the Developing World",2004-11-13T15:00:00,https://id.loc.gov/authorities/names/suggest2/?q=Herdt%2C%20Robert%20W.%2C%201939-,TRUE,Robert W. Herdt
True,"Ruttan, Vernon W.","Ruttan, Vernon W.",,PersonalName,n50031765,PersonalName|SimpleType|Name|Authority,Scientific and Technical Constraints on Agricultural Production: Prospects for the Future,2004-11-13T16:00:00,https://id.loc.gov/authorities/names/suggest2/?q=Ruttan%2C%20Vernon%20W.,TRUE,Vernon W. Ruttan
False,"Monroe, Nora",,,PersonalName,,,Presentation of Members Database,2005-04-28T10:00:00,https://id.loc.gov/authorities/names/suggest2/?q=Monroe%2C%20Nora,TRUE,Nora Monroe
False,"Holben, Nanette",,,PersonalName,,,Presentation of Members Database,2005-04-28T10:00:00,https://id.loc.gov/authorities/names/suggest2/?q=Holben%2C%20Nanette,TRUE,Nanette Holben
True,"Rhodes, Frank Harold Trevor","Rhodes, Frank Harold Trevor",,PersonalName,n50044852,PersonalName|SimpleType|Name|Authority,Admission of New Members,2005-04-28T11:00:00,https://id.loc.gov/authorities/names/suggest2/?q=Rhodes%2C%20Frank%20Harold%20Trevor,TRUE,Frank H.T. Rhodes
True,"Rhodes, Frank Harold Trevor","Rhodes, Frank Harold Trevor",,PersonalName,n50044852,PersonalName|SimpleType|Name|Authority,Introduction,2005-04-28T12:00:00,https://id.loc.gov/authorities/names/suggest2/?q=Rhodes%2C%20Frank%20Harold%20Trevor,TRUE,Frank H.T. Rhodes
True,"Meinwald, Jerrold, 1927-2018","Meinwald, Jerrold, 1927-2018",,PersonalName,n95039335,PersonalName|SimpleType|Name|Authority,Moderator's Remarks,2005-04-28T13:00:00,https://id.loc.gov/authorities/names/suggest2/?q=Meinwald%2C%20Jerrold%2C%201927-2018,TRUE,Jerrold Meinwald
True,"Olivera, Baldomero T.","Olivera, Baldomero T.",,PersonalName,n82246307,PersonalName|SimpleType|Name|Authority,Using Deadly Cone Snails to Understand Nervous Systems,2005-04-28T14:00:00,https://id.loc.gov/authorities/names/suggest2/?q=Olivera%2C%20Baldomero%20T.,TRUE,Baldomero (Toto) Olivera
False,"Stoddart, Fraser, 1942-","Stoddart, Fraser, 1942-2024",,PersonalName,no2013107255,PersonalName|SimpleType|Name|Authority,Nano Toys and Nano Art: How Fun and Beauty Inspire Chemical Creativity,2005-04-28T15:00:00,https://id.loc.gov/authorities/names/suggest2/?q=Stoddart%2C%20Fraser%2C%201942-,TRUE,Fraser Stoddart
False,"Clardy, Jon",,,PersonalName,,,Discovery of New Compounds in Nature,2005-04-28T16:00:00,https://id.loc.gov/authorities/names/suggest2/?q=Clardy%2C%20Jon,TRUE,Jon Clardy
True,"Whitesides, G. M.","Whitesides, G. M.",,PersonalName,n94001619,PersonalName|SimpleType|Name|Authority,Inventing Complexity From Molecules to Bubbles,2005-04-28T17:00:00,https://id.loc.gov/authorities/names/suggest2/?q=Whitesides%2C%20G.%20M.,TRUE,George M. Whitesides
False,"Clardy, Jon",,,PersonalName,,,Panel Discussion,2005-04-28T18:00:00,https://id.loc.gov/authorities/names/suggest2/?q=Clardy%2C%20Jon,TRUE,Jon Clardy
True,"Whitesides, G. M.","Whitesides, G. M.",,PersonalName,n94001619,PersonalName|SimpleType|Name|Authority,Panel Discussion,2005-04-28T18:00:00,https://id.loc.gov/authorities/names/suggest2/?q=Whitesides%2C%20G.%20M.,TRUE,George M. Whitesides
True,"Rhodes, Frank Harold Trevor","Rhodes, Frank Harold Trevor",,PersonalName,n50044852,PersonalName|SimpleType|Name|Authority,Admission of New Members,2005-04-29T10:00:00,https://id.loc.gov/authorities/names/suggest2/?q=Rhodes%2C%20Frank%20Harold%20Trevor,TRUE,Frank H.T. Rhodes
True,"Washington, Warren M.","Washington, Warren M.",,PersonalName,n88059725,PersonalName|SimpleType|Name|Authority,20th and 21st Century Climate Change,2005-04-29T11:00:00,https://id.loc.gov/authorities/names/suggest2/?q=Washington%2C%20Warren%20M.,TRUE,Warren M. Washington
True,"Jordan, Thomas H. (Thomas Hilman), 1948-","Jordan, Thomas H. (Thomas Hilman), 1948-",,PersonalName,n2008040327,PersonalName|SimpleType|Name|Authority,Earthquake Prediction: A Gambler's Game,2005-04-29T12:00:00,https://id.loc.gov/authorities/names/suggest2/?q=Jordan%2C%20Thomas%20H.%20%28Thomas%20Hilman%29%2C%201948-,TRUE,Thomas H. Jordan
True,"Berg, Howard C., 1934-","Berg, Howard C., 1934-",,PersonalName,n83209490,PersonalName|SimpleType|Name|Authority,Marvels of Bacterial Behavior,2005-04-29T13:00:00,https://id.loc.gov/authorities/names/suggest2/?q=Berg%2C%20Howard%20C.%2C%201934-,TRUE,Howard C. Berg
True,"Prince, Sue Ann","Prince, Sue Ann",,PersonalName,n90623997,PersonalName|SimpleType|Name|Authority,Treasures Revealed: 260 Years of Collecting at the American Philosophical Society,2005-04-29T14:00:00,https://id.loc.gov/authorities/names/suggest2/?q=Prince%2C%20Sue%20Ann,TRUE,Sue Ann Prince
True,"Rhodes, Frank Harold Trevor","Rhodes, Frank Harold Trevor",,PersonalName,n50044852,PersonalName|SimpleType|Name|Authority,Admission of New Members,2005-04-29T15:00:00,https://id.loc.gov/authorities/names/suggest2/?q=Rhodes%2C%20Frank%20Harold%20Trevor,TRUE,Frank H.T. Rhodes
True,"Wood, Michael, 1936-","Wood, Michael, 1936-",,PersonalName,n50015134,PersonalName|SimpleType|Name|Authority,Found in Translation: Travels Between Languages,2005-04-29T16:00:00,https://id.loc.gov/authorities/names/suggest2/?q=Wood%2C%20Michael%2C%201936-,TRUE,Michael Wood
True,"Middlekauff, Robert","Middlekauff, Robert",,PersonalName,n50031369,PersonalName|SimpleType|Name|Authority,Mark Twain's Humor - With Examples,2005-04-29T17:00:00,https://id.loc.gov/authorities/names/suggest2/?q=Middlekauff%2C%20Robert,TRUE,Robert Middlekauff
True,"Sen, Amartya, 1933-","Sen, Amartya, 1933-",,PersonalName,n50012860,PersonalName|SimpleType|Name|Authority,Identity and the Violence of Illusion,2005-04-29T18:00:00,https://id.loc.gov/authorities/names/suggest2/?q=Sen%2C%20Amartya%2C%201933-,TRUE,Amartya Sen
True,"Rhodes, Frank Harold Trevor","Rhodes, Frank Harold Trevor",,PersonalName,n50044852,PersonalName|SimpleType|Name|Authority,Admission of New Members,2005-04-30T10:00:00,https://id.loc.gov/authorities/names/suggest2/?q=Rhodes%2C%20Frank%20Harold%20Trevor,TRUE,Frank H.T. Rhodes
True,"Findlen, Paula","Findlen, Paula",,PersonalName,n93019516,PersonalName|SimpleType|Name|Authority,Newtonianism for Ladies: Science in the Mirror of Enlightenment Society,2005-04-30T11:00:00,https://id.loc.gov/authorities/names/suggest2/?q=Findlen%2C%20Paula,TRUE,Paula Findlen
True,"Humphrey, Caroline","Humphrey, Caroline","Humphrey, Caroline, 1943-",PersonalName,n82139394,PersonalName|SimpleType|Name|Authority,Life in Common and Russian Ideas About Freedom,2005-04-30T12:00:00,https://id.loc.gov/authorities/names/suggest2/?q=Humphrey%2C%20Caroline,TRUE,Caroline Humphrey
True,"Oppenheimer, J. Robert, 1904-1967","Oppenheimer, J. Robert, 1904-1967",,PersonalName,n50005793,PersonalName|SimpleType|Name|Authority,"Atomic Weapons (November 16, 1945)",2005-04-30T13:00:00,https://id.loc.gov/authorities/names/suggest2/?q=Oppenheimer%2C%20J.%20Robert%2C%201904-1967,TRUE,J. Robert Oppenheimer
True,"Dyson, Freeman J.","Dyson, Freeman J.",,PersonalName,n79056129,PersonalName|SimpleType|Name|Authority,"Atomic Weapons (November 16, 1945)",2005-04-30T13:00:00,https://id.loc.gov/authorities/names/suggest2/?q=Dyson%2C%20Freeman%20J.,TRUE,Freeman J. Dyson
True,"Garwin, Richard L.","Garwin, Richard L.",,PersonalName,n84135318,PersonalName|SimpleType|Name|Authority,Living with Nuclear Weapons: Fifty Years and Counting,2005-04-30T14:00:00,https://id.loc.gov/authorities/names/suggest2/?q=Garwin%2C%20Richard%20L.,TRUE,Richard L. Garwin
TRUE,Economics,Economics,,lcsh_topic,sh85040850,Topic|SimpleType|Authority,Policy Implications on Bounded Rationality,2003-11-14T11:00:00,https://id.loc.gov/authorities/subjects/suggest2/?q=Economics,FALSE,
TRUE,Retirement,Retirement,Older people--Retirement,lcsh_topic,sh85113347,Topic|SimpleType|Authority,Policy Implications on Bounded Rationality,2003-11-14T11:00:00,https://id.loc.gov/authorities/subjects/suggest2/?q=Retirement,FALSE,
TRUE,"Iraq, Politics and government",Iraq--Politics and government,,lcsh_topic,sh93003202,ComplexSubject|ComplexType|Authority,Contexts of Iraqi Looting,2003-11-14T13:00:00,https://id.loc.gov/authorities/subjects/suggest2/?q=Iraq%2C%20Politics%20and%20government,FALSE,
TRUE,Looting,Pillage,Looting,lcsh_topic,sh85102139,Topic|SimpleType|Authority,Contexts of Iraqi Looting,2003-11-14T13:00:00,https://id.loc.gov/authorities/subjects/suggest2/?q=Looting,FALSE,
TRUE,African American art,African American art,,lcsh_topic,sh85001790,Topic|SimpleType|Authority,Portraiture and the Development of African American Identity in the 19th Century,2003-11-14T14:00:00,https://id.loc.gov/authorities/subjects/suggest2/?q=African%20American%20art,FALSE,
TRUE,Silhouettes,Silhouettes,,lcsh_topic,sh85122494,Topic|SimpleType|Authority,Portraiture and the Development of African American Identity in the 19th Century,2003-11-14T14:00:00,https://id.loc.gov/authorities/subjects/suggest2/?q=Silhouettes,FALSE,
TRUE,"Peale, Charles Willson, 1741-1827","Peale, Charles Willson, 1741-1827",,lcsh_name_personal,n80025860,PersonalName|SimpleType|Name|Authority,Portraiture and the Development of African American Identity in the 19th Century,2003-11-14T14:00:00,https://id.loc.gov/authorities/names/suggest2/?q=Peale%2C%20Charles%20Willson%2C%201741-1827,FALSE,
TRUE,"Peale, Rembrandt, 1778-1860","Peale, Rembrandt, 1778-1860",,lcsh_name_personal,n85813460,PersonalName|SimpleType|Name|Authority,Portraiture and the Development of African American Identity in the 19th Century,2003-11-14T14:00:00,https://id.loc.gov/authorities/names/suggest2/?q=Peale%2C%20Rembrandt%2C%201778-1860,FALSE,
TRUE,"Artists, United States",Artists--United States,,lcsh_topic,sh86003655,ComplexSubject|ComplexType|Authority,Expanding the Mainstream: Romare Bearden Revisited,2003-11-14T15:00:00,https://id.loc.gov/authorities/subjects/suggest2/?q=Artists%2C%20United%20States,FALSE,
TRUE,African American art,African American art,,lcsh_topic,sh85001790,Topic|SimpleType|Authority,Expanding the Mainstream: Romare Bearden Revisited,2003-11-14T15:00:00,https://id.loc.gov/authorities/subjects/suggest2/?q=African%20American%20art,FALSE,
TRUE,Tissue culture,Tissue culture,,lcsh_topic,sh85135588,Topic|SimpleType|Authority,Regenerative Medicine and Tissue Engineering,2003-11-15T09:00:00,https://id.loc.gov/authorities/subjects/suggest2/?q=Tissue%20culture,FALSE,
TRUE,Regenerative medicine,Regenerative medicine,,lcsh_topic,sh2008001685,Topic|SimpleType|Authority,Regenerative Medicine and Tissue Engineering,2003-11-15T09:00:00,https://id.loc.gov/authorities/subjects/suggest2/?q=Regenerative%20medicine,FALSE,
TRUE,Stem cells,Stem cells,,lcsh_topic,sh85127923,Topic|SimpleType|Authority,Regenerative Medicine and Tissue Engineering,2003-11-15T09:00:00,https://id.loc.gov/authorities/subjects/suggest2/?q=Stem%20cells,FALSE,
TRUE,"Sculpture, Greek","Sculpture, Greek",,lcsh_topic,sh85119089,Topic|SimpleType|Authority,The Study of Greek Sculpture in the 21st Century,2003-11-15T10:00:00,https://id.loc.gov/authorities/subjects/suggest2/?q=Sculpture%2C%20Greek,FALSE,
TRUE,Historiography,Historiography,History--Historiography,lcsh_topic,sh00006046,Topic|SimpleType|Authority,The Study of Greek Sculpture in the 21st Century,2003-11-15T10:00:00,https://id.loc.gov/authorities/subjects/suggest2/?q=Historiography,FALSE,
TRUE,Obelisks,Obelisks,,lcsh_topic,sh85093636,Topic|SimpleType|Authority,Megalithomania: Obelisks and Empire in Papal Rome,2003-11-15T11:00:00,https://id.loc.gov/authorities/subjects/suggest2/?q=Obelisks,FALSE,
TRUE,DNA,DNA,,lcsh_topic,sh85037008,Topic|SimpleType|Authority,Evolution of Retroviruses: Fossils in our DNA,2003-11-15T12:00:00,https://id.loc.gov/authorities/subjects/suggest2/?q=DNA,FALSE,
TRUE,Retroviruses,Retroviruses,,lcsh_topic,sh85113381,Topic|SimpleType|Authority,Evolution of Retroviruses: Fossils in our DNA,2003-11-15T12:00:00,https://id.loc.gov/authorities/subjects/suggest2/?q=Retroviruses,FALSE,
TRUE,Xenotransplantation,Xenografts,Xenotransplantation,lcsh_topic,sh85148789,Topic|SimpleType|Authority,"Circe, Cassandra and Trojan Pigs: Xenotransplantation",2003-11-15T13:00:00,https://id.loc.gov/authorities/subjects/suggest2/?q=Xenotransplantation,FALSE,
TRUE,Microbiology,Microbiology,,lcsh_topic,sh00005932,Topic|SimpleType|Authority,"Circe, Cassandra and Trojan Pigs: Xenotransplantation",2003-11-15T13:00:00,https://id.loc.gov/authorities/subjects/suggest2/?q=Microbiology,FALSE,
TRUE,Retroviruses,Retroviruses,,lcsh_topic,sh85113381,Topic|SimpleType|Authority,"Circe, Cassandra and Trojan Pigs: Xenotransplantation",2003-11-15T13:00:00,https://id.loc.gov/authorities/subjects/suggest2/?q=Retroviruses,FALSE,
TRUE,Viruses,Viruses,,lcsh_topic,sh2002006452,Topic|SimpleType|Authority,Can Persisting Viruses Drive Human Evolution?,2003-11-15T14:00:00,https://id.loc.gov/authorities/subjects/suggest2/?q=Viruses,FALSE,
TRUE,Retroviruses,Retroviruses,,lcsh_topic,sh85113381,Topic|SimpleType|Authority,Can Persisting Viruses Drive Human Evolution?,2003-11-15T14:00:00,https://id.loc.gov/authorities/subjects/suggest2/?q=Retroviruses,FALSE,
TRUE,Viral genetics,Viral genetics,,lcsh_topic,sh85143730,Topic|SimpleType|Authority,Can Persisting Viruses Drive Human Evolution?,2003-11-15T14:00:00,https://id.loc.gov/authorities/subjects/suggest2/?q=Viral%20genetics,FALSE,
TRUE,Evolution,Evolution,,lcsh_topic,sh00007754,Topic|SimpleType|Authority,When Genes Go Walkabout: Viruses in the Blueprint,2003-11-15T15:00:00,https://id.loc.gov/authorities/subjects/suggest2/?q=Evolution,FALSE,
TRUE,Punctuated equilibrium (Evolution),Punctuated equilibrium (Evolution),,lcsh_topic,sh93009460,Topic|SimpleType|Authority,When Genes Go Walkabout: Viruses in the Blueprint,2003-11-15T15:00:00,https://id.loc.gov/authorities/subjects/suggest2/?q=Punctuated%20equilibrium%20%28Evolution%29,FALSE,
TRUE,Bacteria,Bacteria,,lcsh_topic,sh85010813,Topic|SimpleType|Authority,When Genes Go Walkabout: Viruses in the Blueprint,2003-11-15T15:00:00,https://id.loc.gov/authorities/subjects/suggest2/?q=Bacteria,FALSE,
TRUE,Bacteriophages,Bacteriophages,,lcsh_topic,sh85010874,Topic|SimpleType|Authority,When Genes Go Walkabout: Viruses in the Blueprint,2003-11-15T15:00:00,https://id.loc.gov/authorities/subjects/suggest2/?q=Bacteriophages,FALSE,
TRUE,Computer systems,Computer systems,ADP systems (Computer systems),lcsh_topic,sh98003200,Topic|SimpleType|Authority,Beyond Mice and Menus,2003-11-14T09:00:00,https://id.loc.gov/authorities/subjects/suggest2/?q=Computer%20systems,FALSE,
TRUE,Computers,Computers,Automatic computers,lcsh_topic,sh85029552,Topic|SimpleType|Authority,Beyond Mice and Menus,2003-11-14T09:00:00,https://id.loc.gov/authorities/subjects/suggest2/?q=Computers,FALSE,
TRUE,Computer security,Computer security,,lcsh_topic,sh90001862,Topic|SimpleType|Authority,Architecture for Cyber Security,2003-11-14T10:00:00,https://id.loc.gov/authorities/subjects/suggest2/?q=Computer%20security,FALSE,
TRUE,Cryptography,Cryptography,,lcsh_topic,sh85034453,Topic|SimpleType|Authority,Architecture for Cyber Security,2003-11-14T10:00:00,https://id.loc.gov/authorities/subjects/suggest2/?q=Cryptography,FALSE,
TRUE,Access control,Access control,,lcsh_topic,sh99002077,Topic|SimpleType|Authority,Architecture for Cyber Security,2003-11-14T10:00:00,https://id.loc.gov/authorities/subjects/suggest2/?q=Access%20control,FALSE,
TRUE,Historians,Historians,,lcsh_topic,sh85061091,Topic|SimpleType|Authority,"Accident, Luck and Serendipity in Historical Research",2003-11-14T11:30:00,https://id.loc.gov/authorities/subjects/suggest2/?q=Historians,FALSE,
TRUE,Historiography,Historiography,History--Historiography,lcsh_topic,sh00006046,Topic|SimpleType|Authority,"Accident, Luck and Serendipity in Historical Research",2003-11-14T11:30:00,https://id.loc.gov/authorities/subjects/suggest2/?q=Historiography,FALSE,
TRUE,"Natural history, History, 18th century",Natural history--History,,lcsh_topic,sh2010103440,ComplexSubject|ComplexType|Authority,Picturing Nature in the Age of Enlightenment,2004-04-22T9:00:00,https://id.loc.gov/authorities/subjects/suggest2/?q=Natural%20history%2C%20History%2C%2018th%20century,FALSE,
TRUE,Enlightenment,Enlightenment,,lcsh_topic,sh85044032,Topic|SimpleType|Authority,Picturing Nature in the Age of Enlightenment,2004-04-22T9:00:00,https://id.loc.gov/authorities/subjects/suggest2/?q=Enlightenment,FALSE,
TRUE,Literature and science,Literature and science,,lcsh_topic,sh85077571,Topic|SimpleType|Authority,Roaring Alligators and Burning Tygers: Poetry and Science from William Bartram to Charles Darwin,2004-04-22T10:00:00,https://id.loc.gov/authorities/subjects/suggest2/?q=Literature%20and%20science,FALSE,
TRUE,Scientific expeditions,Scientific expeditions,,lcsh_topic,sh85118684,Topic|SimpleType|Authority,Agnotology and Exotic Abortifacients: The Cultural Production of Ignorance in Eighteenth-Century Science,2004-04-22T11:00:00,https://id.loc.gov/authorities/subjects/suggest2/?q=Scientific%20expeditions,FALSE,
TRUE,Women explorers,Women explorers,,lcsh_topic,sh85046462,Topic|SimpleType|Authority,Agnotology and Exotic Abortifacients: The Cultural Production of Ignorance in Eighteenth-Century Science,2004-04-22T11:00:00,https://id.loc.gov/authorities/subjects/suggest2/?q=Women%20explorers,FALSE,
TRUE,Women in science,Women in science,,lcsh_topic,sh85147604,Topic|SimpleType|Authority,Agnotology and Exotic Abortifacients: The Cultural Production of Ignorance in Eighteenth-Century Science,2004-04-22T11:00:00,https://id.loc.gov/authorities/subjects/suggest2/?q=Women%20in%20science,FALSE,
TRUE,"Botany, History, 18th century",Botany--History,,lcsh_topic,sh2007102107,ComplexSubject|ComplexType|Authority,Agnotology and Exotic Abortifacients: The Cultural Production of Ignorance in Eighteenth-Century Science,2004-04-22T11:00:00,https://id.loc.gov/authorities/subjects/suggest2/?q=Botany%2C%20History%2C%2018th%20century,FALSE,
TRUE,"Botany, Classification, 18th Century",Plants--Classification,Botany--Classification,lcsh_topic,sh85015982,ComplexSubject|ComplexType|Authority,"The Linnaean Enterprise: Past, Present and Future",2004-04-22T12:00:00,https://id.loc.gov/authorities/subjects/suggest2/?q=Botany%2C%20Classification%2C%2018th%20Century,FALSE,
TRUE,"Linné, Carl von, 1707-1778","Linné, Carl von, 1707-1778",,lcsh_name_personal,n79109333,PersonalName|SimpleType|Name|Authority,"The Linnaean Enterprise: Past, Present and Future",2004-04-22T12:00:00,https://id.loc.gov/authorities/names/suggest2/?q=Linn%C3%A9%2C%20Carl%20von%2C%201707-1778,FALSE,
TRUE,Social service,Social service,Social service agencies,lcsh_topic,sh85124049,Topic|SimpleType|Authority,"What Does it Mean to Say that Philanthropy is ""Effective""",2004-04-23T9:00:00,https://id.loc.gov/authorities/subjects/suggest2/?q=Social%20service,FALSE,
TRUE,Social service,Social service,Social service agencies,lcsh_topic,sh85124049,Topic|SimpleType|Authority,Taking the Heart Out of Philanthropy,2004-04-23T10:00:00,https://id.loc.gov/authorities/subjects/suggest2/?q=Social%20service,FALSE,
TRUE,"Segregation in education, United States",Segregation in education--United States,,lcsh_topic,sh85119592,ComplexSubject|ComplexType|Authority,Introduction,2004-04-23T11:00:00,https://id.loc.gov/authorities/subjects/suggest2/?q=Segregation%20in%20education%2C%20United%20States,FALSE,
TRUE,"Segregation in education, Law and legislation",Segregation in education--Law and legislation,,lcsh_topic,sh85119591,ComplexSubject|ComplexType|Authority,Introduction,2004-04-23T11:00:00,https://id.loc.gov/authorities/subjects/suggest2/?q=Segregation%20in%20education%2C%20Law%20and%20legislation,FALSE,
TRUE,"Race discrimination, United States, History, 20th century",Race discrimination--United States--History,,lcsh_topic,sh2010109263,ComplexSubject|ComplexType|Authority,Introduction,2004-04-23T11:00:00,https://id.loc.gov/authorities/subjects/suggest2/?q=Race%20discrimination%2C%20United%20States%2C%20History%2C%2020th%20century,FALSE,
TRUE,"Segregation in education, United States",Segregation in education--United States,,lcsh_topic,sh85119592,ComplexSubject|ComplexType|Authority,"Truths Which, Fortunately, Were Self-Evident",2004-04-23T12:00:00,https://id.loc.gov/authorities/subjects/suggest2/?q=Segregation%20in%20education%2C%20United%20States,FALSE,
TRUE,"Segregation in education, Law and legislation",Segregation in education--Law and legislation,,lcsh_topic,sh85119591,ComplexSubject|ComplexType|Authority,"Truths Which, Fortunately, Were Self-Evident",2004-04-23T12:00:00,https://id.loc.gov/authorities/subjects/suggest2/?q=Segregation%20in%20education%2C%20Law%20and%20legislation,FALSE,
TRUE,"Race discrimination, United States, History, 20th century",Race discrimination--United States--History,,lcsh_topic,sh2010109263,ComplexSubject|ComplexType|Authority,"Truths Which, Fortunately, Were Self-Evident",2004-04-23T12:00:00,https://id.loc.gov/authorities/subjects/suggest2/?q=Race%20discrimination%2C%20United%20States%2C%20History%2C%2020th%20century,FALSE,
TRUE,"Segregation in education, United States",Segregation in education--United States,,lcsh_topic,sh85119592,ComplexSubject|ComplexType|Authority,Brown v. Board of Education Overseas,2004-04-23T13:00:00,https://id.loc.gov/authorities/subjects/suggest2/?q=Segregation%20in%20education%2C%20United%20States,FALSE,
TRUE,"Segregation in education, Law and legislation",Segregation in education--Law and legislation,,lcsh_topic,sh85119591,ComplexSubject|ComplexType|Authority,Brown v. Board of Education Overseas,2004-04-23T13:00:00,https://id.loc.gov/authorities/subjects/suggest2/?q=Segregation%20in%20education%2C%20Law%20and%20legislation,FALSE,
TRUE,"Race discrimination, United States, History, 20th century",Race discrimination--United States--History,,lcsh_topic,sh2010109263,ComplexSubject|ComplexType|Authority,Brown v. Board of Education Overseas,2004-04-23T13:00:00,https://id.loc.gov/authorities/subjects/suggest2/?q=Race%20discrimination%2C%20United%20States%2C%20History%2C%2020th%20century,FALSE,
TRUE,Human rights,Human rights,Human rights--Law and legislation,lcsh_topic,sh85026379,Topic|SimpleType|Authority,Brown v. Board of Education Overseas,2004-04-23T13:00:00,https://id.loc.gov/authorities/subjects/suggest2/?q=Human%20rights,FALSE,
TRUE,Stem cells,Stem cells,,lcsh_topic,sh85127923,Topic|SimpleType|Authority,"Cell Science, Stem Cell Plasticity, and Stem Cell Politics",2004-04-23T14:00:00,https://id.loc.gov/authorities/subjects/suggest2/?q=Stem%20cells,FALSE,
TRUE,Bioethics,Bioethics,,lcsh_topic,sh85014136,Topic|SimpleType|Authority,"Cell Science, Stem Cell Plasticity, and Stem Cell Politics",2004-04-23T14:00:00,https://id.loc.gov/authorities/subjects/suggest2/?q=Bioethics,FALSE,
TRUE,"Sun, Observations",Sun--Observations,,lcsh_topic,sh85130476,ComplexSubject|ComplexType|Authority,The Inconstant Sun,2004-04-23T15:00:00,https://id.loc.gov/authorities/subjects/suggest2/?q=Sun%2C%20Observations,FALSE,
TRUE,"Ireland, Politics and government",Ireland--Politics and government,,lcsh_geographic,sh85068032,ComplexSubject|ComplexType|Authority,Title Deeds: On Translating a Classic,2004-04-23T16:00:00,https://id.loc.gov/authorities/names/suggest2/?q=Ireland%2C%20Politics%20and%20government,FALSE,
TRUE,Sophocles,Sophocles,,lcsh_name_personal,n79127755,PersonalName|SimpleType|Name|Authority,Title Deeds: On Translating a Classic,2004-04-23T16:00:00,https://id.loc.gov/authorities/names/suggest2/?q=Sophocles,FALSE,
TRUE,Antigone,Antigone,Collana Antigone,lcsh_name_personal,no2007050342,Title|SimpleType|Authority,Title Deeds: On Translating a Classic,2004-04-23T16:00:00,https://id.loc.gov/authorities/names/suggest2/?q=Antigone,FALSE,
TRUE,"Privacy, Right of","Privacy, Right of","Privacy, Right of--Law and legislation",lcsh_topic,sh85107029,Topic|SimpleType|Authority,Privacy and the Constitution,2004-04-24T9:00:00,https://id.loc.gov/authorities/subjects/suggest2/?q=Privacy%2C%20Right%20of,FALSE,
TRUE,"Privacy, Right of","Privacy, Right of","Privacy, Right of--Law and legislation",lcsh_topic,sh85107029,Topic|SimpleType|Authority,The Code of Privacy,2004-04-24T10:00:00,https://id.loc.gov/authorities/subjects/suggest2/?q=Privacy%2C%20Right%20of,FALSE,
TRUE,Internet,Internet,DARPA Internet,lcsh_topic,sh92002816,Topic|SimpleType|Authority,The Code of Privacy,2004-04-24T10:00:00,https://id.loc.gov/authorities/subjects/suggest2/?q=Internet,FALSE,
TRUE,"Data protection, Law and legislation",Data protection--Law and legislation,,lcsh_topic,sh93000189,ComplexSubject|ComplexType|Authority,The Code of Privacy,2004-04-24T10:00:00,https://id.loc.gov/authorities/subjects/suggest2/?q=Data%20protection%2C%20Law%20and%20legislation,FALSE,
TRUE,"Privacy, Right of","Privacy, Right of","Privacy, Right of--Law and legislation",lcsh_topic,sh85107029,Topic|SimpleType|Authority,The Silver Bullet: Protecting Privacy and Security Through Law and Technology,2004-04-24T11:00:00,https://id.loc.gov/authorities/subjects/suggest2/?q=Privacy%2C%20Right%20of,FALSE,
TRUE,"Data protection, Law and legislation, United States",Data protection--Law and legislation--United States,,lcsh_topic,sh2008102020,ComplexSubject|ComplexType|Authority,The Silver Bullet: Protecting Privacy and Security Through Law and Technology,2004-04-24T11:00:00,https://id.loc.gov/authorities/subjects/suggest2/?q=Data%20protection%2C%20Law%20and%20legislation%2C%20United%20States,FALSE,
TRUE,"Privacy, Right of","Privacy, Right of","Privacy, Right of--Law and legislation",lcsh_topic,sh85107029,Topic|SimpleType|Authority,Face to Face with It: Privacies of Health,2004-04-24T12:00:00,https://id.loc.gov/authorities/subjects/suggest2/?q=Privacy%2C%20Right%20of,FALSE,
TRUE,Medical policy,Medical policy,,lcsh_topic,sh85083002,Topic|SimpleType|Authority,Face to Face with It: Privacies of Health,2004-04-24T12:00:00,https://id.loc.gov/authorities/subjects/suggest2/?q=Medical%20policy,FALSE,
TRUE,"Data protection, Law and legislation, United States",Data protection--Law and legislation--United States,,lcsh_topic,sh2008102020,ComplexSubject|ComplexType|Authority,Face to Face with It: Privacies of Health,2004-04-24T12:00:00,https://id.loc.gov/authorities/subjects/suggest2/?q=Data%20protection%2C%20Law%20and%20legislation%2C%20United%20States,FALSE,
TRUE,Discoveries in geography,Discoveries in geography,,lcsh_topic,sh85038366,Topic|SimpleType|Authority,"""To Acquire What Knolege Your Can"": Thomas Jefferson Defines Western Exploration",2004-11-12T08:00:00,https://id.loc.gov/authorities/subjects/suggest2/?q=Discoveries%20in%20geography,FALSE,
TRUE,"Jefferson, Thomas, 1743-1826","Jefferson, Thomas, 1743-1826",,lcsh_name_personal,n79089957,PersonalName|SimpleType|Name|Authority,"""To Acquire What Knolege Your Can"": Thomas Jefferson Defines Western Exploration",2004-11-12T08:00:00,https://id.loc.gov/authorities/names/suggest2/?q=Jefferson%2C%20Thomas%2C%201743-1826,FALSE,
TRUE,Lewis and Clark Expedition (1804-1806),Lewis and Clark Expedition (1804-1806),,lcsh_name_corporate,n84018492,ConferenceName|SimpleType|Name|Authority,"""To Acquire What Knolege Your Can"": Thomas Jefferson Defines Western Exploration",2004-11-12T08:00:00,https://id.loc.gov/authorities/names/suggest2/?q=Lewis%20and%20Clark%20Expedition%20%281804-1806%29,FALSE,
TRUE,Fur trade,Fur trade,,lcsh_topic,sh85052495,Topic|SimpleType|Authority,Legacies of Lewis and Clark: The Immediate Response of the American Fur Trade,2004-11-12T09:00:00,https://id.loc.gov/authorities/subjects/suggest2/?q=Fur%20trade,FALSE,
TRUE,Cartography,Cartography,"Cartography, Primitive",lcsh_topic,sh85020515,Topic|SimpleType|Authority,Legacies of Lewis and Clark: The Immediate Response of the American Fur Trade,2004-11-12T09:00:00,https://id.loc.gov/authorities/subjects/suggest2/?q=Cartography,FALSE,
TRUE,"Allen, John Logan, 1941-","Allen, John Logan, 1941-",,lcsh_name_personal,n89643589,PersonalName|SimpleType|Name|Authority,Legacies of Lewis and Clark: The Immediate Response of the American Fur Trade,2004-11-12T09:00:00,https://id.loc.gov/authorities/names/suggest2/?q=Allen%2C%20John%20Logan%2C%201941-,FALSE,
TRUE,Lewis and Clark Expedition (1804-1806),Lewis and Clark Expedition (1804-1806),,lcsh_name_corporate,n84018492,ConferenceName|SimpleType|Name|Authority,Legacies of Lewis and Clark: The Immediate Response of the American Fur Trade,2004-11-12T09:00:00,https://id.loc.gov/authorities/names/suggest2/?q=Lewis%20and%20Clark%20Expedition%20%281804-1806%29,FALSE,
TRUE,"Photography, United States, 19th century",Photography--United States,,lcsh_topic,sh92001208,ComplexSubject|ComplexType|Authority,Picturing the Nineteenth-Century West,2004-11-12T10:00:00,https://id.loc.gov/authorities/subjects/suggest2/?q=Photography%2C%20United%20States%2C%2019th%20century,FALSE,
TRUE,Lewis and Clark Expedition (1804-1806),Lewis and Clark Expedition (1804-1806),,lcsh_name_corporate,n84018492,ConferenceName|SimpleType|Name|Authority,Picturing the Nineteenth-Century West,2004-11-12T10:00:00,https://id.loc.gov/authorities/names/suggest2/?q=Lewis%20and%20Clark%20Expedition%20%281804-1806%29,FALSE,
TRUE,"Outer space, Exploration",Outer space--Exploration,,lcsh_geographic,sh85096159,ComplexSubject|ComplexType|Authority,"Earth, Moon, Mars and Beyond: The Future of Space Exploration",2004-11-12T11:00:00,https://id.loc.gov/authorities/names/suggest2/?q=Outer%20space%2C%20Exploration,FALSE,
TRUE,"Physics, 21st century",Physics,,lcsh_topic,sh85101653,Topic|SimpleType|Authority,The Future of High Energy Physics,2004-11-12T12:00:00,https://id.loc.gov/authorities/subjects/suggest2/?q=Physics%2C%2021st%20century,FALSE,
TRUE,Aversion,Aversion,,lcsh_topic,sh96009014,Topic|SimpleType|Authority,Disgust and the Law,2004-11-12T13:00:00,https://id.loc.gov/authorities/subjects/suggest2/?q=Aversion,FALSE,
TRUE,Law,Law,Laws (Statutes),lcsh_topic,sh85075119,Topic|SimpleType|Authority,Disgust and the Law,2004-11-12T13:00:00,https://id.loc.gov/authorities/subjects/suggest2/?q=Law,FALSE,
TRUE,"Honegger, Arthur, 1892-1955","Honegger, Arthur, 1892-1955",,lcsh_name_personal,n79108038,PersonalName|SimpleType|Name|Authority,"Renegotiating French Identity: Vichy's Collaboration, Incoherence, and Antigone's Triumph",2004-11-12T14:00:00,https://id.loc.gov/authorities/names/suggest2/?q=Honegger%2C%20Arthur%2C%201892-1955,FALSE,
TRUE,Antigone,Antigone,Collana Antigone,lcsh_name_personal,no2007050342,Title|SimpleType|Authority,"Renegotiating French Identity: Vichy's Collaboration, Incoherence, and Antigone's Triumph",2004-11-12T14:00:00,https://id.loc.gov/authorities/names/suggest2/?q=Antigone,FALSE,
TRUE,"National socialism, Germany",National socialism--Germany,,lcsh_topic,sh99002705,ComplexSubject|ComplexType|Authority,Richard Strauss and the National Socialist Regime,2004-11-12T15:00:00,https://id.loc.gov/authorities/subjects/suggest2/?q=National%20socialism%2C%20Germany,FALSE,
TRUE,"Strauss, Richard, 1864-1949","Strauss, Richard, 1864-1949",,lcsh_name_personal,n79041680,PersonalName|SimpleType|Name|Authority,Richard Strauss and the National Socialist Regime,2004-11-12T15:00:00,https://id.loc.gov/authorities/names/suggest2/?q=Strauss%2C%20Richard%2C%201864-1949,FALSE,
TRUE,International law,International law,Public international law,lcsh_topic,sh85067417,Topic|SimpleType|Authority,Some Kudos and Some Concerns about International Courts,2004-11-13T08:00:00,https://id.loc.gov/authorities/subjects/suggest2/?q=International%20law,FALSE,
TRUE,"Arbitration, International",Arbitration (International law),"Arbitration, International",lcsh_topic,sh85006453,Topic|SimpleType|Authority,Some Kudos and Some Concerns about International Courts,2004-11-13T08:00:00,https://id.loc.gov/authorities/subjects/suggest2/?q=Arbitration%2C%20International,FALSE,
TRUE,Taliban,Taliban,,lcsh_name_corporate,no98126907,CorporateName|SimpleType|Name|Authority,Afghanistan: The Destruction of an Archaeological Heritage,2004-11-13T09:00:00,https://id.loc.gov/authorities/names/suggest2/?q=Taliban,FALSE,
TRUE,Exile,Exile,Biography--Exile,lcsh_topic,sh00005706,Topic|SimpleType|Authority,"Ovid, Time and Exile",2004-11-13T10:00:00,https://id.loc.gov/authorities/subjects/suggest2/?q=Exile,FALSE,
TRUE,Poetry,Poetry,Poetry--Philosophy,lcsh_topic,sh85103704,Topic|SimpleType|Authority,"Ovid, Time and Exile",2004-11-13T10:00:00,https://id.loc.gov/authorities/subjects/suggest2/?q=Poetry,FALSE,
TRUE,"Ovid, 43 B.C.-17 A.D. or 18 A.D.","Ovid, 43 B.C.-17 A.D. or 18 A.D.",,lcsh_name_personal,n79041738,PersonalName|SimpleType|Name|Authority,"Ovid, Time and Exile",2004-11-13T10:00:00,https://id.loc.gov/authorities/names/suggest2/?q=Ovid%2C%2043%20B.C.-17%20A.D.%20or%2018%20A.D.,FALSE,
TRUE,"Bloom, Barry R., 1937-","Bloom, Barry R., 1937-",,lcsh_name_personal,n88095247,PersonalName|SimpleType|Name|Authority,Member Induction,2004-11-13T11:00:00,https://id.loc.gov/authorities/names/suggest2/?q=Bloom%2C%20Barry%20R.%2C%201937-,FALSE,
TRUE,"Richardson, E. P. (Edgar Preston), 1902-1985","Richardson, E. P. (Edgar Preston), 1902-1985",,lcsh_name_personal,n50044921,PersonalName|SimpleType|Name|Authority,Dedication: Edgar P. and Constance C. Richardson Hall,2004-11-13T12:00:00,https://id.loc.gov/authorities/names/suggest2/?q=Richardson%2C%20E.%20P.%20%28Edgar%20Preston%29%2C%201902-1985,FALSE,
TRUE,"Agriculture, History, 20th century",Agriculture--History,,lcsh_topic,sh85002438,ComplexSubject|ComplexType|Authority,Beating Malthus: The Green Revolution,2004-11-13T13:00:00,https://id.loc.gov/authorities/subjects/suggest2/?q=Agriculture%2C%20History%2C%2020th%20century,FALSE,
TRUE,Agricultural innovations,Agricultural innovations,,lcsh_topic,sh85002334,Topic|SimpleType|Authority,Beating Malthus: The Green Revolution,2004-11-13T13:00:00,https://id.loc.gov/authorities/subjects/suggest2/?q=Agricultural%20innovations,FALSE,
TRUE,Food supply,Food supply,,lcsh_topic,sh00005841,Topic|SimpleType|Authority,Beating Malthus: The Green Revolution,2004-11-13T13:00:00,https://id.loc.gov/authorities/subjects/suggest2/?q=Food%20supply,FALSE,
TRUE,Agricultural biotechnology,Agricultural biotechnology,,lcsh_topic,sh86001792,Topic|SimpleType|Authority,Unleashing the Genius of the Genome to Feed the Developing World,2004-11-13T14:00:00,https://id.loc.gov/authorities/subjects/suggest2/?q=Agricultural%20biotechnology,FALSE,
TRUE,Agricultural innovations,Agricultural innovations,,lcsh_topic,sh85002334,Topic|SimpleType|Authority,Unleashing the Genius of the Genome to Feed the Developing World,2004-11-13T14:00:00,https://id.loc.gov/authorities/subjects/suggest2/?q=Agricultural%20innovations,FALSE,
TRUE,Food supply,Food supply,,lcsh_topic,sh00005841,Topic|SimpleType|Authority,Unleashing the Genius of the Genome to Feed the Developing World,2004-11-13T14:00:00,https://id.loc.gov/authorities/subjects/suggest2/?q=Food%20supply,FALSE,
TRUE,"Manning, Richard, 1951-","Manning, Richard, 1951-",,lcsh_name_personal,n91031913,PersonalName|SimpleType|Name|Authority,Unleashing the Genius of the Genome to Feed the Developing World,2004-11-13T14:00:00,https://id.loc.gov/authorities/names/suggest2/?q=Manning%2C%20Richard%2C%201951-,FALSE,
TRUE,Agricultural biotechnology,Agricultural biotechnology,,lcsh_topic,sh86001792,Topic|SimpleType|Authority,"Treaties, Intellectual Property, Market Power and Food in the Developing World",2004-11-13T15:00:00,https://id.loc.gov/authorities/subjects/suggest2/?q=Agricultural%20biotechnology,FALSE,
TRUE,Food supply,Food supply,,lcsh_topic,sh00005841,Topic|SimpleType|Authority,"Treaties, Intellectual Property, Market Power and Food in the Developing World",2004-11-13T15:00:00,https://id.loc.gov/authorities/subjects/suggest2/?q=Food%20supply,FALSE,
TRUE,Agricultural innovations,Agricultural innovations,,lcsh_topic,sh85002334,Topic|SimpleType|Authority,Scientific and Technical Constraints on Agricultural Production: Prospects for the Future,2004-11-13T16:00:00,https://id.loc.gov/authorities/subjects/suggest2/?q=Agricultural%20innovations,FALSE,
TRUE,"Agriculture, History, 20th century",Agriculture--History,,lcsh_topic,sh85002438,ComplexSubject|ComplexType|Authority,Scientific and Technical Constraints on Agricultural Production: Prospects for the Future,2004-11-13T16:00:00,https://id.loc.gov/authorities/subjects/suggest2/?q=Agriculture%2C%20History%2C%2020th%20century,FALSE,
TRUE,Databases,Databases,,lcsh_topic,sh86007767,Topic|SimpleType|Authority,Presentation of Members Database,2005-04-28T10:00:00,https://id.loc.gov/authorities/subjects/suggest2/?q=Databases,FALSE,
TRUE,American Philosophical Society,American Philosophical Society,"American Philosophical Society, Held at Philadelphia, for Promoting Useful Knowledge",lcsh_name_corporate,n79007046,CorporateName|SimpleType|Name|Authority,Presentation of Members Database,2005-04-28T10:00:00,https://id.loc.gov/authorities/names/suggest2/?q=American%20Philosophical%20Society,FALSE,
TRUE,"Brauman, J. I. (John I.)","Brauman, J. I. (John I.)",,lcsh_name_personal,n83828764,PersonalName|SimpleType|Name|Authority,Admission of New Members,2005-04-28T11:00:00,https://id.loc.gov/authorities/names/suggest2/?q=Brauman%2C%20J.%20I.%20%28John%20I.%29,FALSE,
TRUE,"Bogle, John C.","Bogle, John C.",,lcsh_name_personal,n93043137,PersonalName|SimpleType|Name|Authority,Admission of New Members,2005-04-28T11:00:00,https://id.loc.gov/authorities/names/suggest2/?q=Bogle%2C%20John%20C.,FALSE,
TRUE,"Clark, Brian C.","Clark, Brian C.",,lcsh_name_personal,no2022101616,PersonalName|SimpleType|Name|Authority,Admission of New Members,2005-04-28T11:00:00,https://id.loc.gov/authorities/names/suggest2/?q=Clark%2C%20Brian%20C.,FALSE,
TRUE,"Mandelbrot, Benoit B.","Mandelbrot, Benoit B.",,lcsh_name_personal,n81107154,PersonalName|SimpleType|Name|Authority,Admission of New Members,2005-04-28T11:00:00,https://id.loc.gov/authorities/names/suggest2/?q=Mandelbrot%2C%20Benoit%20B.,FALSE,
TRUE,Chemistry,Chemistry,,lcsh_topic,sh85022986,Topic|SimpleType|Authority,Moderator's Remarks,2005-04-28T13:00:00,https://id.loc.gov/authorities/subjects/suggest2/?q=Chemistry,FALSE,
TRUE,Chemistry,Chemistry,,lcsh_topic,sh85022986,Topic|SimpleType|Authority,Using Deadly Cone Snails to Understand Nervous Systems,2005-04-28T14:00:00,https://id.loc.gov/authorities/subjects/suggest2/?q=Chemistry,FALSE,
TRUE,Biology,Biology,,lcsh_topic,sh85014203,Topic|SimpleType|Authority,Using Deadly Cone Snails to Understand Nervous Systems,2005-04-28T14:00:00,https://id.loc.gov/authorities/subjects/suggest2/?q=Biology,FALSE,
TRUE,Snails,Snails,Land snails,lcsh_topic,sh85123719,Topic|SimpleType|Authority,Using Deadly Cone Snails to Understand Nervous Systems,2005-04-28T14:00:00,https://id.loc.gov/authorities/subjects/suggest2/?q=Snails,FALSE,
TRUE,Evolution,Evolution,,lcsh_topic,sh00007754,Topic|SimpleType|Authority,Using Deadly Cone Snails to Understand Nervous Systems,2005-04-28T14:00:00,https://id.loc.gov/authorities/subjects/suggest2/?q=Evolution,FALSE,
TRUE,Chemistry,Chemistry,,lcsh_topic,sh85022986,Topic|SimpleType|Authority,Nano Toys and Nano Art: How Fun and Beauty Inspire Chemical Creativity,2005-04-28T15:00:00,https://id.loc.gov/authorities/subjects/suggest2/?q=Chemistry,FALSE,
TRUE,Nanotechnology,Nanotechnology,,lcsh_topic,sh91001490,Topic|SimpleType|Authority,Nano Toys and Nano Art: How Fun and Beauty Inspire Chemical Creativity,2005-04-28T15:00:00,https://id.loc.gov/authorities/subjects/suggest2/?q=Nanotechnology,FALSE,
TRUE,"Chemistry, Physical and theoretical","Chemistry, Physical and theoretical",,lcsh_topic,sh85023027,Topic|SimpleType|Authority,Nano Toys and Nano Art: How Fun and Beauty Inspire Chemical Creativity,2005-04-28T15:00:00,https://id.loc.gov/authorities/subjects/suggest2/?q=Chemistry%2C%20Physical%20and%20theoretical,FALSE,
TRUE,Chemistry,Chemistry,,lcsh_topic,sh85022986,Topic|SimpleType|Authority,Discovery of New Compounds in Nature,2005-04-28T16:00:00,https://id.loc.gov/authorities/subjects/suggest2/?q=Chemistry,FALSE,
TRUE,"Chemistry, Physical and theoretical","Chemistry, Physical and theoretical",,lcsh_topic,sh85023027,Topic|SimpleType|Authority,Discovery of New Compounds in Nature,2005-04-28T16:00:00,https://id.loc.gov/authorities/subjects/suggest2/?q=Chemistry%2C%20Physical%20and%20theoretical,FALSE,
TRUE,Biochemistry,Biochemistry,,lcsh_topic,sh85014171,Topic|SimpleType|Authority,Discovery of New Compounds in Nature,2005-04-28T16:00:00,https://id.loc.gov/authorities/subjects/suggest2/?q=Biochemistry,FALSE,
TRUE,Chemistry,Chemistry,,lcsh_topic,sh85022986,Topic|SimpleType|Authority,Inventing Complexity From Molecules to Bubbles,2005-04-28T17:00:00,https://id.loc.gov/authorities/subjects/suggest2/?q=Chemistry,FALSE,
TRUE,"Chemistry, Physical and theoretical","Chemistry, Physical and theoretical",,lcsh_topic,sh85023027,Topic|SimpleType|Authority,Inventing Complexity From Molecules to Bubbles,2005-04-28T17:00:00,https://id.loc.gov/authorities/subjects/suggest2/?q=Chemistry%2C%20Physical%20and%20theoretical,FALSE,
TRUE,Biochemistry,Biochemistry,,lcsh_topic,sh85014171,Topic|SimpleType|Authority,Inventing Complexity From Molecules to Bubbles,2005-04-28T17:00:00,https://id.loc.gov/authorities/subjects/suggest2/?q=Biochemistry,FALSE,
TRUE,Chemistry,Chemistry,,lcsh_topic,sh85022986,Topic|SimpleType|Authority,Panel Discussion,2005-04-28T18:00:00,https://id.loc.gov/authorities/subjects/suggest2/?q=Chemistry,FALSE,
TRUE,"Chemistry, Physical and theoretical","Chemistry, Physical and theoretical",,lcsh_topic,sh85023027,Topic|SimpleType|Authority,Panel Discussion,2005-04-28T18:00:00,https://id.loc.gov/authorities/subjects/suggest2/?q=Chemistry%2C%20Physical%20and%20theoretical,FALSE,
TRUE,Biochemistry,Biochemistry,,lcsh_topic,sh85014171,Topic|SimpleType|Authority,Panel Discussion,2005-04-28T18:00:00,https://id.loc.gov/authorities/subjects/suggest2/?q=Biochemistry,FALSE,
TRUE,"Ziṿ, Yaʻaḳov","Ziṿ, Yaʻaḳov",,lcsh_name_personal,nr2006010109,PersonalName|SimpleType|Name|Authority,Admission of New Members,2005-04-29T10:00:00,https://id.loc.gov/authorities/names/suggest2/?q=Zi%E1%B9%BF%2C%20Ya%CA%BBa%E1%B8%B3ov,FALSE,
TRUE,"Gray, Harry B.","Gray, Harry B.",,lcsh_name_personal,n80020407,PersonalName|SimpleType|Name|Authority,Admission of New Members,2005-04-29T10:00:00,https://id.loc.gov/authorities/names/suggest2/?q=Gray%2C%20Harry%20B.,FALSE,
TRUE,"Perrot, Jean, 1920-2012","Perrot, Jean, 1920-2012",,lcsh_name_personal,n89629507,PersonalName|SimpleType|Name|Authority,Admission of New Members,2005-04-29T10:00:00,https://id.loc.gov/authorities/names/suggest2/?q=Perrot%2C%20Jean%2C%201920-2012,FALSE,
TRUE,Earthquake prediction,Earthquake prediction,,lcsh_topic,sh85040492,Topic|SimpleType|Authority,Earthquake Prediction: A Gambler's Game,2005-04-29T12:00:00,https://id.loc.gov/authorities/subjects/suggest2/?q=Earthquake%20prediction,FALSE,
TRUE,Earthquakes,Earthquakes,Quakes (Earthquakes),lcsh_topic,sh85040496,Topic|SimpleType|Authority,Earthquake Prediction: A Gambler's Game,2005-04-29T12:00:00,https://id.loc.gov/authorities/subjects/suggest2/?q=Earthquakes,FALSE,
TRUE,"Bacteria, Physiology",Bacteria--Physiology,,lcsh_topic,sh85010820,ComplexSubject|ComplexType|Authority,Marvels of Bacterial Behavior,2005-04-29T13:00:00,https://id.loc.gov/authorities/subjects/suggest2/?q=Bacteria%2C%20Physiology,FALSE,
TRUE,Microbiology,Microbiology,,lcsh_topic,sh00005932,Topic|SimpleType|Authority,Marvels of Bacterial Behavior,2005-04-29T13:00:00,https://id.loc.gov/authorities/subjects/suggest2/?q=Microbiology,FALSE,
TRUE,Language and Languages,Language and languages,,lcsh_topic,sh85074518,Topic|SimpleType|Authority,Found in Translation: Travels Between Languages,2005-04-29T16:00:00,https://id.loc.gov/authorities/subjects/suggest2/?q=Language%20and%20Languages,FALSE,
TRUE,"Márquez, Gabriel García, 1927-2014","García Márquez, Gabriel, 1927-2014","Márquez, Gabriel García, 1927-2014",lcsh_name_personal,n79063441,PersonalName|SimpleType|Name|Authority,Found in Translation: Travels Between Languages,2005-04-29T16:00:00,https://id.loc.gov/authorities/names/suggest2/?q=M%C3%A1rquez%2C%20Gabriel%20Garc%C3%ADa%2C%201927-2014,FALSE,
TRUE,"Goethe, Johann Wolfgang von, 1749-1832","Goethe, Johann Wolfgang von, 1749-1832",,lcsh_name_personal,n79003362,PersonalName|SimpleType|Name|Authority,Found in Translation: Travels Between Languages,2005-04-29T16:00:00,https://id.loc.gov/authorities/names/suggest2/?q=Goethe%2C%20Johann%20Wolfgang%20von%2C%201749-1832,FALSE,
TRUE,Wit and humor,Wit and humor,"Wit and humor, Primitive",lcsh_topic,sh85147124,Topic|SimpleType|Authority,Mark Twain's Humor - With Examples,2005-04-29T17:00:00,https://id.loc.gov/authorities/subjects/suggest2/?q=Wit%20and%20humor,FALSE,
TRUE,"Twain, Mark, 1835-1910","Twain, Mark, 1835-1910",,lcsh_name_personal,n79021164,PersonalName|SimpleType|Name|Authority,Mark Twain's Humor - With Examples,2005-04-29T17:00:00,https://id.loc.gov/authorities/names/suggest2/?q=Twain%2C%20Mark%2C%201835-1910,FALSE,
TRUE,"Franklin, Benjamin, 1706-1790","Franklin, Benjamin, 1706-1790",,lcsh_name_personal,n79043402,PersonalName|SimpleType|Name|Authority,Mark Twain's Humor - With Examples,2005-04-29T17:00:00,https://id.loc.gov/authorities/names/suggest2/?q=Franklin%2C%20Benjamin%2C%201706-1790,FALSE,
TRUE,Social sciences,Social sciences,,lcsh_topic,sh85124003,Topic|SimpleType|Authority,Identity and the Violence of Illusion,2005-04-29T18:00:00,https://id.loc.gov/authorities/subjects/suggest2/?q=Social%20sciences,FALSE,
TRUE,Philosophy,Philosophy,Mental philosophy,lcsh_topic,sh85100849,Topic|SimpleType|Authority,Identity and the Violence of Illusion,2005-04-29T18:00:00,https://id.loc.gov/authorities/subjects/suggest2/?q=Philosophy,FALSE,
TRUE,"Breyer, Stephen G., 1938-","Breyer, Stephen G., 1938-",,lcsh_name_personal,n79126462,PersonalName|SimpleType|Name|Authority,Admission of New Members,2005-04-30T10:00:00,https://id.loc.gov/authorities/names/suggest2/?q=Breyer%2C%20Stephen%20G.%2C%201938-,FALSE,
TRUE,"Humphrey, Caroline","Humphrey, Caroline","Humphrey, Caroline, 1943-",lcsh_name_personal,n82139394,PersonalName|SimpleType|Name|Authority,Admission of New Members,2005-04-30T10:00:00,https://id.loc.gov/authorities/names/suggest2/?q=Humphrey%2C%20Caroline,FALSE,
TRUE,Women in science,Women in science,,lcsh_topic,sh85147604,Topic|SimpleType|Authority,Newtonianism for Ladies: Science in the Mirror of Enlightenment Society,2005-04-30T11:00:00,https://id.loc.gov/authorities/subjects/suggest2/?q=Women%20in%20science,FALSE,
TRUE,"Science, Italy, History, 17th century",Science--Italy--History,,lcsh_topic,sh2008111337,ComplexSubject|ComplexType|Authority,Newtonianism for Ladies: Science in the Mirror of Enlightenment Society,2005-04-30T11:00:00,https://id.loc.gov/authorities/subjects/suggest2/?q=Science%2C%20Italy%2C%20History%2C%2017th%20century,FALSE,
TRUE,Enlightenment,Enlightenment,,lcsh_topic,sh85044032,Topic|SimpleType|Authority,Newtonianism for Ladies: Science in the Mirror of Enlightenment Society,2005-04-30T11:00:00,https://id.loc.gov/authorities/subjects/suggest2/?q=Enlightenment,FALSE,
TRUE,Liberty,Liberty,Civil liberty,lcsh_topic,sh85076480,Topic|SimpleType|Authority,Life in Common and Russian Ideas About Freedom,2005-04-30T12:00:00,https://id.loc.gov/authorities/subjects/suggest2/?q=Liberty,FALSE,
TRUE,Anthropology,Anthropology,,lcsh_topic,sh85005581,Topic|SimpleType|Authority,Life in Common and Russian Ideas About Freedom,2005-04-30T12:00:00,https://id.loc.gov/authorities/subjects/suggest2/?q=Anthropology,FALSE,
TRUE,Nuclear weapons,Nuclear weapons,Thermonuclear weapons,lcsh_topic,sh85093127,Topic|SimpleType|Authority,"Atomic Weapons (November 16, 1945)",2005-04-30T13:00:00,https://id.loc.gov/authorities/subjects/suggest2/?q=Nuclear%20weapons,FALSE,
TRUE,Nuclear nonproliferation,Nuclear nonproliferation,,lcsh_topic,sh85093020,Topic|SimpleType|Authority,"Atomic Weapons (November 16, 1945)",2005-04-30T13:00:00,https://id.loc.gov/authorities/subjects/suggest2/?q=Nuclear%20nonproliferation,FALSE,
TRUE,Nuclear weapons,Nuclear weapons,Thermonuclear weapons,lcsh_topic,sh85093127,Topic|SimpleType|Authority,Living with Nuclear Weapons: Fifty Years and Counting,2005-04-30T14:00:00,https://id.loc.gov/authorities/subjects/suggest2/?q=Nuclear%20weapons,FALSE,
TRUE,Nuclear nonproliferation,Nuclear nonproliferation,,lcsh_topic,sh85093020,Topic|SimpleType|Authority,Living with Nuclear Weapons: Fifty Years and Counting,2005-04-30T14:00:00,https://id.loc.gov/authorities/subjects/suggest2/?q=Nuclear%20nonproliferation,FALSE,