meeting,symposium,date,title,lecture_additional_info,speaker_lcsh,speaker_display_name,speaker_position,speaker_institution,speaker_position_2,speaker_institution_2,speaker_2_lcsh,speaker_2_display_name,speaker_2_position,speaker_2_institution,speaker_2_position_2,speaker_2_institution_2,abstract,admin_category,aps_departments,academic_disciplines,lcsh_topic,lcsh_geographic,lcsh_temporal,lcsh_name_personal,lcsh_name_corporate,doi,diglib_url,service_file,youtube_url,display_notes,admin_notes
November 2003,,2003-11-14,Beyond Mice and Menus,,"Grosz, Barbara Jean, 1948-",Barbara J. Grosz,Higgins Professor of Natural Sciences,Harvard University,Dean of Science,Radcliffe Institute for Advanced Study,,,,,,,"Dr. Grosz gives an engaging lecture on the history of computers and how she believes the world of computers should move forward and beyond ""mice and menus.""",LECTURE,History of Science,History of Science,Computer systems; Computers,,,,,http://opac.amphilsoc.org/cgi-bin/koha/opac-detail.pl?biblionumber=49090,https://diglib.amphilsoc.org/islandora/object/video:60,https://diglib.amphilsoc.org/_flysystem/fedora/2023-12/318712-Service%20File.mp4,,,
November 2003,,2003-11-14,Architecture for Cyber Security,,"Lee, Ruby B.",Ruby B. Lee,Forrest G. Hamrick Professor of Engineering and Professor of Electrical Engineering,Princeton University,,,,,,,,,Dr. Lee makes the case for the importance of cybersecurity in order to secure democracy and civilized life.,LECTURE,,Engineering,Computer security; Cryptography; Access control,,,,,,https://diglib.amphilsoc.org/islandora/object/video:70,https://diglib.amphilsoc.org/_flysystem/fedora/2023-12/318602-Service%20File.mp4,,,
November 2003,,2003-11-14,Policy Implications on Bounded Rationality,,"Sheshinski, Eytan",Eytan Sheshinski,Sir Isaac Wolfson Professor of Public Finance,The Hebrew University of Jerusalem,,,,,,,,,"Dr. Sheshinski analyzes self-selection models, when individuals know more about themselves than it is possible for governments to know, and shows that it may be socially optimal to limit and sometimes to eliminate individual choice.",LECTURE,,Economics,Economics; Choice; Hazards; Retirement,,,,,,https://diglib.amphilsoc.org/islandora/object/video:116,https://diglib.amphilsoc.org/_flysystem/fedora/2023-12/318854-Service%20File.mp4,,,
November 2003,,2003-11-14,"Accident, Luck and Serendipity in Historical Research",,"McClellan, James E. (James Edward), 1946-",James E. McClellan III,Professor of History of Science,Stevens Institute of Technology,,,,,,,,,The influence of fortuitous elements on individual pieces of work seems almost self-evident. Dr. McClellan explores the implications of these accidental circumstances for historiography and historical research.,LECTURE,,History,Historians; Historiography,,,,,http://opac.amphilsoc.org/cgi-bin/koha/opac-detail.pl?biblionumber=180613,https://diglib.amphilsoc.org/islandora/object/video:99,https://diglib.amphilsoc.org/_flysystem/fedora/2023-12/319023-Service%20File.mp4,,,
November 2003,,2003-11-14,Ancient Mesopotamia: An Antique Land and a Ravaged Past,,"Michalowski, Piotr, 1948-",Piotr Michalowski,George G. Cameron Professor of Ancient Near Eastern Civilizations,University of Michigan,,,,,,,,,Dr. Michalowski gives a talk focusing on the plundering of the National Museum in Baghdad by US forces during the Second Gulf War.,LECTURE,,Archaeology|History,Mesopotamia; Pillaging,,,,,,https://diglib.amphilsoc.org/islandora/object/video:120,https://diglib.amphilsoc.org/_flysystem/fedora/2023-12/318961-Service%20File.mp4,,,
November 2003,,2003-11-14,Contexts of Iraqi Looting,,"Adams, Robert McCormick, 1926-",Robert McCormick Adams,"Adjunct Professor, Department of Anthropology",University of California at San Diego,,,,,,,,,"Dr. Adams presents a historical context for the looting of museums, archives, and libraries by the US invading forces in Iraq.",LECTURE,,Archaeology|History,"Iraq, Politics and government; Looting; Mesopotamia",,,,,http://opac.amphilsoc.org/cgi-bin/koha/opac-detail.pl?biblionumber=216698,https://diglib.amphilsoc.org/islandora/object/video:130,https://diglib.amphilsoc.org/_flysystem/fedora/2023-12/318874-Service%20File.mp4,,,
November 2003,,2003-11-14,Portraiture and the Development of African American Identity in the 19th Century,,"Shaw, Gwendolyn DuBois",Gwendolyn DuBois Shaw,Assistant Professor of History of Art and Architecture and of African and African American Studies,Harvard University,,,,,,,,,Dr. Shaw gives a historical overview of Moses Williams' life under enslavement with Charles Wilson Peale.,LECTURE,,Art History,African American art; Silhouettes,,,"Williams, Moses, 1777-ca. 1825; Peale, Charles Willson, 1741-1827; Peale, Rembrandt, 1778-1860",,http://opac.amphilsoc.org/cgi-bin/koha/opac-detail.pl?biblionumber=93866,https://diglib.amphilsoc.org/islandora/object/video:134,https://diglib.amphilsoc.org/_flysystem/fedora/2023-12/318668-Service%20File.mp4,,,
November 2003,,2003-11-14,Expanding the Mainstream: Romare Bearden Revisited,,"Fine, Ruth, 1941-",Ruth Fine,Curator of Special Projects in Modern Art,National Gallery of Art,,,,,,,,,"Dr. Fine gives a historical overview of Romare Bearden's life in 20th century American art, as well as the National Gallery exhibition, which she curated.",LECTURE,,Art History,"Artists, United States; African American art",,,"Bearden, Romare Howard, 1914-1988",,http://opac.amphilsoc.org/cgi-bin/koha/opac-detail.pl?biblionumber=164996,https://diglib.amphilsoc.org/islandora/object/video:138,https://diglib.amphilsoc.org/_flysystem/fedora/2023-12/318777-Service%20File.mp4,,,
November 2003,,2003-11-15,Regenerative Medicine and Tissue Engineering,Henry La Barre Jayne Lecture,"Vacanti, Joseph",Joseph P. Vacanti,John Homans Professor of Surgery,Massachusetts General Hospital/Harvard Medical School,,,,,,,,,"In the Henry La Barre Jayne Lecture, Dr. Vacanti talks about the field of regenerative medicine and tissue replacement, specifically: the need for the field and his own involvement within it.",LECTURE,,Medicine,Tissue culture; Regenerative medicine; Stem cells,,,,Henry La Barre Jayne Lecture,http://opac.amphilsoc.org/cgi-bin/koha/opac-detail.pl?biblionumber=1588,https://diglib.amphilsoc.org/islandora/object/video:143,https://diglib.amphilsoc.org/_flysystem/fedora/2023-12/318557-Service%20File.mp4,,,
November 2003,,2003-11-15,The Study of Greek Sculpture in the 21st Century,,"Ridgway, Brunilde Sismondo, 1929-",Brunilde S. Ridgway,R. Carpenter Professor of Archaeology Emerita,Bryn Mawr College,,,,,,,,,"Dr. Ridgway give a historical overview of the study of Greek and Roman sculpture, explaining the field's new findings and controversies.",LECTURE,,Art History|Archaeology|Classics,"Sculpture, Greek; Historiography",,,,,http://opac.amphilsoc.org/cgi-bin/koha/opac-detail.pl?biblionumber=207385,https://diglib.amphilsoc.org/islandora/object/video:147,https://diglib.amphilsoc.org/_flysystem/fedora/2024-01/318680-Service%20File.mp4,,,
November 2003,,2003-11-15,Megalithomania: Obelisks and Empire in Papal Rome,,"Collins, Jeffrey Laird",Jeffrey Collins,Associate Professor of Art History,University of Washington,,,,,,,,,Dr. Collins speaks on the obelisks of Rome: how they were removed from elsewhere in the Roman Empire and how they represent imperial Rome.,LECTURE,,Art History|Classics|Religion,Obelisks; Vatican City,"Italy, Rome, Vatican City",,,,,https://diglib.amphilsoc.org/islandora/object/video:151,https://diglib.amphilsoc.org/_flysystem/fedora/2023-12/318772-Service%20File.mp4,,,
November 2003,"Virus Paleontology, Disease and Evolution",2003-11-15,Evolution of Retroviruses: Fossils in our DNA,,"Coffin, John Miller, 1944-",John M. Coffin,Professor of Molecular Biology and Microbiology,Tufts University,,,,,,,,,"Dr. Edwin Kilbourne introduces Dr. John Coffin, who presents a talk on viruses and how they evolve very quickly.",LECTURE,,Applied Science,DNA; Retroviruses,,,,,http://opac.amphilsoc.org/cgi-bin/koha/opac-detail.pl?biblionumber=53756,https://diglib.amphilsoc.org/islandora/object/video:157,https://diglib.amphilsoc.org/_flysystem/fedora/2023-12/318663-Service%20File.mp4,,,
November 2003,"Virus Paleontology, Disease and Evolution",2003-11-15,"Circe, Cassandra and Trojan Pigs: Xenotransplantation",,"Weiss, Robin A.",Robin A. Weiss,Professor of Viral Oncology,University College London,,,,,,,,,Dr. Weiss describes himself as a Cassandra figure in microbiology. He talks about his reservations of transplanting animal parts into humans.,LECTURE,,Applied Science|Medicine,Xenotransplantation; Microbiology; Retroviruses,,,,,http://opac.amphilsoc.org/cgi-bin/koha/opac-detail.pl?biblionumber=46640,https://diglib.amphilsoc.org/islandora/object/video:164,https://diglib.amphilsoc.org/_flysystem/fedora/2023-12/318567-Service%20File.mp4,,,
November 2003,"Virus Paleontology, Disease and Evolution",2003-11-15,Can Persisting Viruses Drive Human Evolution?,,"Villarreal, Luis P.",Luis P. Villarreal,"Director, Center for Virus Research",University of California at Irvine,,,,,,,,,Viruses have always been with us. Dr. Villarreal talks about what this persistance means for human evolution.,LECTURE,,Applied Science,Viruses; Retroviruses; Viral genetics,,,,,http://opac.amphilsoc.org/cgi-bin/koha/opac-detail.pl?biblionumber=123216,https://diglib.amphilsoc.org/islandora/object/video:167,https://diglib.amphilsoc.org/_flysystem/fedora/2023-12/318527-Service%20File.mp4,,,
November 2003,"Virus Paleontology, Disease and Evolution",2003-11-15,When Genes Go Walkabout: Viruses in the Blueprint,,"Bear, Greg, 1951-",Greg Bear,Writer,,,,,,,,,,"Greg Bear offers a personal view of biology, specifically evolution and Charles Darwin.",LECTURE,History of Science,Applied Science|History of Science,Evolution; Punctuated equilibrium (Evolution); Bacteria; Bacteriophages,,,,,http://opac.amphilsoc.org/cgi-bin/koha/opac-detail.pl?biblionumber=35671,https://diglib.amphilsoc.org/islandora/object/video:171,https://diglib.amphilsoc.org/_flysystem/fedora/2023-12/318764-Service%20File.mp4,,,
April 2004,"Science, Art and Knowledge: Practicing Natural History from the Enlightenment to the 21st Century",2004-04-22,Picturing Nature in the Age of Enlightenment,,"Rudwick, M. J. S.",Martin Rudwick,Senior Research Scholar,Cambridge University,,,,,,,,,Where was natural history practiced in the 18th century? Dr. Rudwick explains how museums and the outdoors met during the Age of Enlightenment.,LECTURE,History of Science,History of Science|Art History,"Natural history, History, 18th century; Enlightenment",,,,,http://opac.amphilsoc.org/cgi-bin/koha/opac-detail.pl?biblionumber=116518,https://diglib.amphilsoc.org/islandora/object/video:218,https://diglib.amphilsoc.org/_flysystem/fedora/2023-12/318528-Service%20File.mp4,,,
April 2004,"Science, Art and Knowledge: Practicing Natural History from the Enlightenment to the 21st Century",2004-04-22,Roaring Alligators and Burning Tygers: Poetry and Science from William Bartram to Charles Darwin,,"Nichols, Ashton, 1953-",Ashton Nichols,John J. Curley '60 and Ann Conser Curley '63 Faculty Professor of Languages and Literature,Dickinson College,,,,,,,,,Dr. Nichols explains how developements in science and natural history had a great effect on the literature and art of the 18th and 19th centuries.,LECTURE,History of Science,History of Science|Art History|Literature,"Natural history, United States, History, 18th century; Natural history, United States, History, 19th century; Literature and science",,,,,http://opac.amphilsoc.org/cgi-bin/koha/opac-detail.pl?biblionumber=196263,https://diglib.amphilsoc.org/islandora/object/video:230,https://diglib.amphilsoc.org/_flysystem/fedora/2023-12/318834-Service%20File.mp4,,,
April 2004,"Science, Art and Knowledge: Practicing Natural History from the Enlightenment to the 21st Century",2004-04-22,Agnotology and Exotic Abortifacients: The Cultural Production of Ignorance in Eighteenth-Century Science,,"Schiebinger, Londa L.",Londa Schiebinger,"Edwin E. Sparks Professor of History of Science and Co-Director of Science, Medicine and Technology in Culture",Pennsylvania State University,,,,,,,,,Dr. Schiebinger tells the history of a great plant: the Peacock Flower. She describes how this plant was known by Native and enslaved women to cause abortion and how this knowledge was disseminated.,LECTURE,History of Science,History of Science|Early America,"Scientific expeditions; Women explorers; Women in science; Botany, History, 18th century; Abortion, History",,,,,http://opac.amphilsoc.org/cgi-bin/koha/opac-detail.pl?biblionumber=175856,https://diglib.amphilsoc.org/islandora/object/video:240,https://diglib.amphilsoc.org/_flysystem/fedora/2023-12/318815-Service%20File.mp4,,,
April 2004,"Science, Art and Knowledge: Practicing Natural History from the Enlightenment to the 21st Century",2004-04-22,"The Linnaean Enterprise: Past, Present and Future",,"Wilson, Edward Osborne, 1929-",Edward O. Wilson,"Pellegrino University Professor, Emeritus",Harvard University,,,,,,,,,Dr. Wilson recalls the contributions of Linneas to natural history and how his classification system revolutionized 18th century science.,LECTURE,History of Science,History of Science,"Botany, Classification, 18th Century",,,"Linné, Carl von, 1707-1778",,http://opac.amphilsoc.org/cgi-bin/koha/opac-detail.pl?biblionumber=151077,https://diglib.amphilsoc.org/islandora/object/video:244,https://diglib.amphilsoc.org/_flysystem/fedora/2023-12/318917-Service%20File.mp4,,,
April 2004,Effective Philanthropy,2004-04-23,"What Does it Mean to Say that Philanthropy is ""Effective""",,"Katz, Stanley Nider",Stanley N. Katz,Professor,"Woodrow Wilson School, Princeton University",,,,,,,,,"Dr. Katz discusses strategic, effective, and venture philanthropy.",LECTURE,,"Public Affairs, Public Policy and Public Administration",Social service,,,,,http://opac.amphilsoc.org/cgi-bin/koha/opac-detail.pl?biblionumber=70351,https://diglib.amphilsoc.org/islandora/object/video:248,https://diglib.amphilsoc.org/_flysystem/fedora/2023-12/318890-Service%20File.mp4,,,
April 2004,Effective Philanthropy,2004-04-23,Taking the Heart Out of Philanthropy,,"Brest, Paul A, 1940-",Paul Brest,President,William and Flora Hewlett Foundation,,,,,,,,,"Brest discusses how effective philanthropy and how small foundations, which represent 90% of philanthropy, could make a very important difference.",LECTURE,,"Public Affairs, Public Policy and Public Administration",Social service,,,,,http://opac.amphilsoc.org/cgi-bin/koha/opac-detail.pl?biblionumber=57675,https://diglib.amphilsoc.org/islandora/object/video:252,https://diglib.amphilsoc.org/_flysystem/fedora/2023-12/318511-Service%20File.mp4,,,
April 2004,50th Anniversary of Brown v. Board of Education,2004-04-23,Introduction,,"Pollak, Louis H.",Louis H. Pollak,Judge,"United States District Court, Eastern District of Pennsylvania",,,,,,,,,Judge Pollak introduces the symposium on the 50th anniversary of the Brown v. Board of Education Supreme Court case.,LECTURE,,Law|Education,"Segregation in education, United States; Segregation in education, Law and legislation; Race discrimination, United States, History, 20th century","United States, Supreme Court, History",,,,http://opac.amphilsoc.org/cgi-bin/koha/opac-detail.pl?biblionumber=196337,https://diglib.amphilsoc.org/islandora/object/video:274,https://diglib.amphilsoc.org/_flysystem/fedora/2023-12/318562-Service%20File.mp4,,,
April 2004,50th Anniversary of Brown v. Board of Education,2004-04-23,"Truths Which, Fortunately, Were Self-Evident",,"Coleman, William T. (William Thaddeus), 1920-2017","William T. Coleman, Jr.",Senior Partner and the Senior Counselor,"O'Melveny & Myers, LLP",,,,,,,,,"Secretary Coleman discusses the contributions of Charles Houston, Bill Hasty, Thurgood Marshall, and Felix Franfurter.",LECTURE,,Law|Education,"Segregation in education, United States; Segregation in education, Law and legislation; Race discrimination, United States, History, 20th century",,,,,http://opac.amphilsoc.org/cgi-bin/koha/opac-detail.pl?biblionumber=125194,https://diglib.amphilsoc.org/islandora/object/video:278,https://diglib.amphilsoc.org/_flysystem/fedora/2023-12/318977-Service%20File.mp4,,,
April 2004,50th Anniversary of Brown v. Board of Education,2004-04-23,Brown v. Board of Education Overseas,,"Lester, Anthony, 1936-",Anthony Lester,Life Peer and Queen's Counsel,,President,International Centre for the Legal Protection of Human Rights (INTERIGHTS),,,,,,,"The Baron discusses how segregation marred the reputation of the United States around the world at the time of World War 2, specifically after the UN drafted the Declaration of Human Rights.",LECTURE,,Law|Education,"Segregation in education, United States; Segregation in education, Law and legislation; Race discrimination, United States, History, 20th century; Human rights",,,,,http://opac.amphilsoc.org/cgi-bin/koha/opac-detail.pl?biblionumber=190376,https://diglib.amphilsoc.org/islandora/object/video:286,https://diglib.amphilsoc.org/_flysystem/fedora/2024-01/318594-Service%20File.mp4,,,
April 2004,,2004-04-23,"Cell Science, Stem Cell Plasticity, and Stem Cell Politics",,"Weissman, Irving L.",Irving Weissman,Director,"Institute of Cancer/Stem Cell Biology and Medicine, Stanford University",,,,,,,,,Dr. Weissman gives a brief overview of the history of stem cell science and how it works.,LECTURE,History of Science,History of Science|Medicine,Stem cells; Bioethics,,,,,http://opac.amphilsoc.org/cgi-bin/koha/opac-detail.pl?biblionumber=1566,https://diglib.amphilsoc.org/islandora/object/video:290,,,,Video missing from diglib?
April 2004,,2004-04-23,The Inconstant Sun,,"Vita-Finzi, Claudio",Claudio Vita-Finzi,Scientific Associate,"Natural History Museum, London",,,,,,,,,Dr. Vita-Finzi gives an engaging and light-hearted talk on the evolution of the sun and the evolution of human knowledge of the sun.,LECTURE,History of Science,History of Science,"Sun, Observations",,,,,http://opac.amphilsoc.org/cgi-bin/koha/opac-detail.pl?biblionumber=1565,https://diglib.amphilsoc.org/islandora/object/video:294,https://diglib.amphilsoc.org/_flysystem/fedora/2023-12/318696-Service%20File.mp4,,,
April 2004,,2004-04-23,Title Deeds: On Translating a Classic,Henry La Barre Jayne Lecture,"Heaney, Seamus, 1939-2013",Seamus Heaney,Ralph Waldo Emerson Poet in Residence,Harvard University,,,,,,,,,"Seamus Heaney gives the Henry La Barre Jayne Lecture on the meaning of place, using examples from ancient Greek theater and 1980s Ireland.",LECTURE,,Literature|Classics,,"Ireland, Social condition; Ireland, Politics and government",,Sophocles; Antigone,Henry La Barre Jayne Lecture,http://opac.amphilsoc.org/cgi-bin/koha/opac-detail.pl?biblionumber=137143,https://diglib.amphilsoc.org/islandora/object/video:298,https://diglib.amphilsoc.org/_flysystem/fedora/2023-12/318969-Service%20File.mp4,,,
April 2004,Privacy,2004-04-24,Privacy and the Constitution,,"Sullivan, Kathleen M., 1955-",Kathleen Sullivan,Dean and Professor of Law,Stanford Law School,,,,,,,,,Moderator Kathleen Sullivan begins by setting the discussion within the context of Justice Brandeis.,LECTURE,,Law,"Privacy, Right of","United States, Constitution, 4th Amendment",,,,,https://diglib.amphilsoc.org/islandora/object/video:302,https://diglib.amphilsoc.org/_flysystem/fedora/2023-12/318666-Service%20File.mp4,,,
April 2004,Privacy,2004-04-24,The Code of Privacy,,"Lessig, Lawrence",Lawrence Lessig,Professor of Law,Stanford Law School,,,,,,,,,How does the Internet affect copyright law? Who owns data? Who owns Internet content? Lessig presents an engaging talk on these emerging legal and scholarly questions.,LECTURE,,Law,"Privacy, Right of; Internet; Data protection, Law and legislation","United States, Constitution, 4th Amendment",,,,http://opac.amphilsoc.org/cgi-bin/koha/opac-detail.pl?biblionumber=1576,https://diglib.amphilsoc.org/islandora/object/video:306,https://diglib.amphilsoc.org/_flysystem/fedora/2023-12/318844-Service%20File.mp4,,,
April 2004,Privacy,2004-04-24,The Silver Bullet: Protecting Privacy and Security Through Law and Technology,,"Rosen, Jeffrey, 1964-",Jeffrey Rosen,Professor,George Washington University Law School,,,,,,,,,"On the heels of the creation of the PATRIOT ACT and TSA, Rosen discusses the danger of obliterating privacy in the name of security.",LECTURE,,Law,"Privacy, Right of; Data protection, Law and legislation, United States","United States, Constitution, 4th Amendment",,,,http://opac.amphilsoc.org/cgi-bin/koha/opac-detail.pl?biblionumber=1577,https://diglib.amphilsoc.org/islandora/object/video:310,https://diglib.amphilsoc.org/_flysystem/fedora/2023-12/318553-Service%20File.mp4,,,
April 2004,Privacy,2004-04-24,Face to Face with It: Privacies of Health,,"Allen, Anita L., 1953-",Anita L. Allen,Visiting Fellow,"Law and Public Affairs Program, Princeton University",Professor of Law and Philosophy,University of Pennsylvania School of Law,,,,,,,Allen discuss the overlap between the commonly known HIPAA statutes and the protections of the 4th Amendment.,LECTURE,,Law|Medicine,"Privacy, Right of; Medical policy; Data protection, Law and legislation, United States","United States, Constitution, 4th Amendment",,,,http://opac.amphilsoc.org/cgi-bin/koha/opac-detail.pl?biblionumber=1578,https://diglib.amphilsoc.org/islandora/object/video:314,https://diglib.amphilsoc.org/_flysystem/fedora/2023-12/318634-Service%20File.mp4,,,
November 2004,Exploration and Discovery in the American Imagination,2004-11-12,"""To Acquire What Knolege Your Can"": Thomas Jefferson Defines Western Exploration",,"Ronda, James P., 1943-",James P. Ronda,J.G. Barnard Professor of Western American History,University of Tulsa,,,,,,,,,"Ronda describes the effect that Joseph Banks had on Thomas Jefferson, and how Jefferson's instructions to Lewis and Clark were exemplary of Enlightenment.",LECTURE,,History|Early America,Discoveries in geography,,,"Jefferson, Thomas, 1743-1826",Lewis and Clark Expedition (1804-1806),http://opac.amphilsoc.org/cgi-bin/koha/opac-detail.pl?biblionumber=970,https://diglib.amphilsoc.org/islandora/object/video:354,https://diglib.amphilsoc.org/_flysystem/fedora/2023-12/318753-Service%20File.mp4,,,
November 2004,Exploration and Discovery in the American Imagination,2004-11-12,Legacies of Lewis and Clark: The Immediate Response of the American Fur Trade,,"Allen, John Logan, 1941-",John Logan Allen,Professor and Chair,"Department of Geography, University of Wyoming",,,"Oberg, Barbara",Barbara Oberg,,,,,John Logan Allen could not be present. Barbara Oberg reads his talk on William Clark's master map and his legacy on the fur trade.,LECTURE,,History|Early America,Fur trade; Cartography,,,"Allen, John Logan, 1941-",Lewis and Clark Expedition (1804-1806),,https://diglib.amphilsoc.org/islandora/object/video:366,https://diglib.amphilsoc.org/_flysystem/fedora/2024-01/318581-Service%20File.mp4,,,
November 2004,Exploration and Discovery in the American Imagination,2004-11-12,Picturing the Nineteenth-Century West,,"Sandweiss, Martha A.",Martha A. Sandweiss,Professor of American Studies and History,Amherst College,,,,,,,,,Sandweiss critiques Jefferson for not engaging an artist to go with Lewis and Clark. The talk spans the 19th century and how visual imagery helped form the American notion of the West.,LECTURE,,History|Early America|Art History,"Photography, United States, 19th century","Trans-Mississippi West (U.S.), Exploration",,,Lewis and Clark Expedition (1804-1806),,https://diglib.amphilsoc.org/islandora/object/video:370,https://diglib.amphilsoc.org/_flysystem/fedora/2023-12/318658-Service%20File.mp4,,,
November 2004,Exploration and Discovery in the American Imagination,2004-11-12,"Earth, Moon, Mars and Beyond: The Future of Space Exploration",,"Grunsfeld, John Mace",John Mace Grunsfeld,Chief Scientist,National Aeronautics and Space Administration,,,"Ivins, Marsha",Marsha Ivins,,,,,Marsha Ivins replaces John Mace Grunsfeld. Her energetic talk discusses the living conditions on the International Space Station.,LECTURE,,Applied Science,"Astronauts, Living conditions; International Space Station","Outer space, Exploration",,,,,https://diglib.amphilsoc.org/islandora/object/video:374,https://diglib.amphilsoc.org/_flysystem/fedora/2023-12/318752-Service%20File.mp4,,,
November 2004,,2004-11-12,The Future of High Energy Physics,,"Lederman, Leon M.",Leon Lederman,Resident Scholar,Illinois Mathematics and Science Academy,,,,,,,,,"Dr. Lederman presents a funny talk on the future of theoretical physics, even if he sometimes believes there is no future.",LECTURE,,Applied Science,"Physics, 21st century; Theoretical physics",,,,,,https://diglib.amphilsoc.org/islandora/object/video:378,https://diglib.amphilsoc.org/_flysystem/fedora/2023-12/318810-Service%20File.mp4,,,
November 2004,,2004-11-12,Disgust and the Law,,"Nussbaum, Martha C. (Martha Craven), 1947-",Martha Nussbaum,Ernst Freund Distinguished Service Professor of Law and Ethics,University of Chicago,,,,,,,,,"Prof. Nussbaum talks about how society's agreed disgust provides a basis for laws, such as sodomy, stem cells, etc.",LECTURE,,Philosophy|Law,Aversion; Law; Society,,,,,,https://diglib.amphilsoc.org/islandora/object/video:382,https://diglib.amphilsoc.org/_flysystem/fedora/2023-12/318716-Service%20File.mp4,,,
November 2004,,2004-11-12,"Renegotiating French Identity: Vichy's Collaboration, Incoherence, and Antigone's Triumph",,"Fulcher, Jane F.",Jane F. Fulcher,Professor of Musicology,Indiana University,,,,,,,,,"Examining Vichy's collaboration through music and art, Fulcher discusses how the nationalist organization used Classical Greek art to build up the 3rd republic and de-naturalise Jews.",LECTURE,,History|Classics|Music,"Music, France, History, 20th century; Operas, France, History and criticism",,,"Honegger, Arthur, 1892-1955; Antigone",Antigone (Greek mythology) -- Drama,http://opac.amphilsoc.org/cgi-bin/koha/opac-detail.pl?biblionumber=959,https://diglib.amphilsoc.org/islandora/object/video:386,https://diglib.amphilsoc.org/_flysystem/fedora/2023-12/318776-Service%20File.mp4,,,
November 2004,,2004-11-12,Richard Strauss and the National Socialist Regime,,"Gilliam, Bryan Randolph",Bryan Gilliam,Francis Hill Fox Professor in Humanities,"Department of Music, Duke University",,,,,,,,,Gilliam presents a short biography of Strauss and his complicity within National Socialism.,LECTURE,,History|Music,"Music, Germany, History, 20th century; National socialism, Germany",Germany (3rd Reich),,"Strauss, Richard, 1864-1949",,,https://diglib.amphilsoc.org/islandora/object/video:390,https://diglib.amphilsoc.org/_flysystem/fedora/2023-12/318740-Service%20File.mp4,,,
November 2004,,2004-11-13,Some Kudos and Some Concerns about International Courts,Henry Allen Moe Prize in the Humanities,"Wald, Patricia M.",Patricia M. Wald,United States Court of Appeals Judge (retired),,Judge,International Criminal Tribunal for the Former Yugoslavia (1999-2001),,,,,,,"Awarded the Henry Allen Moe Prize in the Humanities in 2007, the lecture focuses on Judge Wald's two years in the International Criminal Tribunal for the former Yugoslavia (ICTY).",LECTURE,,Law,"International law; Arbitration, International",,,,Henry Allen Moe Prize in the Humanities,http://opac.amphilsoc.org/cgi-bin/koha/opac-detail.pl?biblionumber=958,https://diglib.amphilsoc.org/islandora/object/video:394,https://diglib.amphilsoc.org/_flysystem/fedora/2023-12/318652-Service%20File.mp4,,,
November 2004,,2004-11-13,Afghanistan: The Destruction of an Archaeological Heritage,,"Bernard, Paul",Paul Bernard,Member,"Academy of Inscriptions and Fine Letters, Institute of France",,,,,,,,,"Dr. Bernard talks about the destruction of the Northern Provinces in Afghanistan, specifically Kabul, by the Taliban.",LECTURE,,Archaeology,"Pillage, Afghanistan, 21st century","Afghanistan, Religion and culture",,,Taliban,,https://diglib.amphilsoc.org/islandora/object/video:401,https://diglib.amphilsoc.org/_flysystem/fedora/2023-12/318965-Service%20File.mp4,,,
November 2004,,2004-11-13,"Ovid, Time and Exile",,"Hinds, Stephen",Stephen Hinds,Professor of Classics and Lockwood Professor of the Humanities,University of Washington,,,,,,,,,"Hinds talks about Ovid's expulsion, 2000th anniversary, and the first poems which he wrote while in exile.",LECTURE,,Classics|Literature,Exile; Poetry,,,"Ovid, 43 B.C.-17 A.D. or 18 A.D.",,,https://diglib.amphilsoc.org/islandora/object/video:405,https://diglib.amphilsoc.org/_flysystem/fedora/2024-01/318689-Service%20File.mp4,,,
November 2004,,2004-11-13,Member Induction,,,,,,,,,,,,,,Dr. Barry R. Bloom is admitted into the Society and signs the members' book.,INDUCTION,,APS Archives,"American Philosophical Society, Members","United States, Philadelphia, Societies",,"Bloom, Barry R., 1937-",,,https://diglib.amphilsoc.org/islandora/object/video:410,https://diglib.amphilsoc.org/_flysystem/fedora/2023-12/318986-Service%20File.mp4,,,
November 2004,,2004-11-13,Dedication: Edgar P. and Constance C. Richardson Hall,,"Rhodes, Frank Harold Trevor",Frank Harold Trevor Rhodes,,,,,,,,,,,Dr. Rhodes marks the official dedication of Richardson Hall at 431 Chestnut Street.,ARCHIVES,,APS Archives,"Bequests, United States, Philadelphia","United States, Philadelphia, Societies",,"Richardson, E. P. (Edgar Preston), 1902-1985; Richardson, Constance C.",,,https://diglib.amphilsoc.org/islandora/object/video:416,https://diglib.amphilsoc.org/_flysystem/fedora/2023-12/318701-Service%20File.mp4,,,
November 2004,Current Issues in Agriculture,2004-11-13,Beating Malthus: The Green Revolution,,"Evenson, Robert E. (Robert Eugene), 1934-",Robert E. Evenson,Professor of Economics,Yale University,,,,,,,,,"Dr. Evenson presents his talk on the use of conventional breeding techniques to produce food in ""developing"" countries, dubbed the Green Revolution.",LECTURE,,Economics|Applied Science,"Agriculture, History, 20th century; Agricultural innovations; Food supply",,,,,http://opac.amphilsoc.org/cgi-bin/koha/opac-detail.pl?biblionumber=64573,https://diglib.amphilsoc.org/islandora/object/video:420,https://diglib.amphilsoc.org/_flysystem/fedora/2023-12/318613-Service%20File.mp4,,,
November 2004,Current Issues in Agriculture,2004-11-13,Unleashing the Genius of the Genome to Feed the Developing World,,"Naylor, Rosamond",Rosamond L. Naylor,Julie Wrigley Senior Fellow,"Center for Environmental Science and Policy, Stanford University",,,,,,,,,"Dr. Naylor presents her research on biotechnology and agricultural innovations, which she and Dr. Richard Manning conduct.",LECTURE,,Applied Science,Agricultural biotechnology; Agricultural innovations; Food supply,,,"Manning, Richard, 1951-",,http://opac.amphilsoc.org/cgi-bin/koha/opac-detail.pl?biblionumber=29636,https://diglib.amphilsoc.org/islandora/object/video:424,https://diglib.amphilsoc.org/_flysystem/fedora/2023-12/318655-Service%20File.mp4,,,
November 2004,Current Issues in Agriculture,2004-11-13,"Treaties, Intellectual Property, Market Power and Food in the Developing World",,"Herdt, Robert W., 1939-",Robert W. Herdt,Adjunct International Professor of Applied Economics and Management,"College of Agriculture and Life Sciences, Cornell University",,,,,,,,,"Dr. Herdt gives a lecture on how treaties, intellectual property, market power, and food interact. He focuses on how attempts to help farmers in ""developing"" countries do the opposite.",LECTURE,,Law|Economics,Agricultural biotechnology; Food supply,,,,Food and Agricultural Organization of the United Nations,http://opac.amphilsoc.org/cgi-bin/koha/opac-detail.pl?biblionumber=81045,https://diglib.amphilsoc.org/islandora/object/video:428,https://diglib.amphilsoc.org/_flysystem/fedora/2023-12/318711-Service%20File.mp4,,,
November 2004,Current Issues in Agriculture,2004-11-13,Scientific and Technical Constraints on Agricultural Production: Prospects for the Future,,"Ruttan, Vernon W.",Vernon W. Ruttan,Regents Professor Emeritus,University of Minnesota,,,,,,,,,"Dr. Ruttan talks about how advances in agriculture have affected the world, from feeding more people to water scarcity.",LECTURE,,Applied Science,"Agricultural innovations; Agriculture, History, 20th century; Water scarcity",,,,,http://opac.amphilsoc.org/cgi-bin/koha/opac-detail.pl?biblionumber=51871,https://diglib.amphilsoc.org/islandora/object/video:434,https://diglib.amphilsoc.org/_flysystem/fedora/2023-12/318837-Service%20File.mp4,,,
April 2005,,2005-04-28,Presentation of Members Database,,"Monroe, Nora",Nora Monroe,,,,,"Holben, Nanette",Nanette Holben,,,,,Nora and Nanette unveil the Members' database.,ARCHIVES,,APS Archives,Databases,,,,American Philosophical Society,,https://diglib.amphilsoc.org/islandora/object/video:455,https://diglib.amphilsoc.org/_flysystem/fedora/2023-12/318551-Service%20File.mp4,,,
April 2005,,2005-04-28,Admission of New Members,,"Rhodes, Frank Harold Trevor",Frank H.T. Rhodes,Vice President,American Philosophical Society,,,,,,,,,"John C. Bogle, Dr. John I. Brauman, Dr. Brian C. Clark, Dr. Benoit B. Mandelbrot, and Dr. Joanne Stubbe are admitted into the Society and sign the members' book.",INDUCTION,,APS Archives,"American Philosophical Society, Members",,,"Stubbe, Joanne; Brauman, J. I. (John I.); Bogle, John C.; Clark, Brian C.; Mandelbrot, Benoit B.",,,https://diglib.amphilsoc.org/islandora/object/video:459,https://diglib.amphilsoc.org/_flysystem/fedora/2023-12/318551-Service%20File.mp4,,,
April 2005,Discovery and Invention in Contemporary Chemistry,2005-04-28,Introduction,,"Rhodes, Frank Harold Trevor",Frank H.T. Rhodes,Vice President,American Philosophical Society,,,,,,,,,Introduction of moderators Jerold Meinwald and John Brauman by Frank H. T. Rhodes.,LECTURE,,APS Archives,"American Philosophical Society, Members",,,,,,https://diglib.amphilsoc.org/islandora/object/video:463,https://diglib.amphilsoc.org/_flysystem/fedora/2023-12/318723-Service%20File.mp4,,,
April 2005,Discovery and Invention in Contemporary Chemistry,2005-04-28,Moderator's Remarks,,"Meinwald, Jerrold, 1927-2018",Jerrold Meinwald,,,,,,,,,,,Dr. Meinwald describes how he organized the symposium. It will focus on people who discover and invent chemistry.,LECTURE,,Applied Science,Chemistry,,,,,http://opac.amphilsoc.org/cgi-bin/koha/opac-detail.pl?biblionumber=1016,https://diglib.amphilsoc.org/islandora/object/video:467,https://diglib.amphilsoc.org/_flysystem/fedora/2023-12/318985-Service%20File.mp4,,,
April 2005,Discovery and Invention in Contemporary Chemistry,2005-04-28,Using Deadly Cone Snails to Understand Nervous Systems,,"Olivera, Baldomero T.",Baldomero (Toto) Olivera,Distinguished Professor of Biology,University of Utah,,,,,,,,,"Dr. Olivera shows that by studying chemistry of compounds of biological systems, we can not only learn their biological contexts, but we can also gain insights into the evolutionary history of those compounds.",LECTURE,,Applied Science,Chemistry; Biology; Snails; Evolution,,,,,,https://diglib.amphilsoc.org/islandora/object/video:471,https://diglib.amphilsoc.org/_flysystem/fedora/2023-12/318612-Service%20File.mp4,,,
April 2005,Discovery and Invention in Contemporary Chemistry,2005-04-28,Nano Toys and Nano Art: How Fun and Beauty Inspire Chemical Creativity,,"Stoddart, Fraser, 1942-",Fraser Stoddart,Fred Kavli Chair in Nanosystems Sciences,University of California at Los Angeles,,,,,,,,,Dr. Fraser discusses how fun and beauty can inspire chemistry. He uses examples from nanotechnology.,LECTURE,,Applied Science,"Chemistry; Nanotechnology; Chemistry, Physical and theoretical",,,,,,https://diglib.amphilsoc.org/islandora/object/video:475,https://diglib.amphilsoc.org/_flysystem/fedora/2023-12/318525-Service%20File.mp4,,,
April 2005,Discovery and Invention in Contemporary Chemistry,2005-04-28,Discovery of New Compounds in Nature,,"Clardy, Jon",Jon Clardy,Professor,Harvard Medical School,,,,,,,,,A talk about the beauty of molecules and how the discovery of new compounds can reveal the beauty involved in inventing new forms of chemistry. Dr. Clardy focuses on the chemical makeup of various bacteria.,LECTURE,,Applied Science,"Chemistry; Chemistry, Physical and theoretical; Biochemistry",,,,,http://opac.amphilsoc.org/cgi-bin/koha/opac-detail.pl?biblionumber=1018,https://diglib.amphilsoc.org/islandora/object/video:478,https://diglib.amphilsoc.org/_flysystem/fedora/2023-12/318754-Service%20File.mp4,,,
April 2005,Discovery and Invention in Contemporary Chemistry,2005-04-28,Inventing Complexity From Molecules to Bubbles,,"Whitesides, G. M.",George M. Whitesides,Woodford L. and Ann A. Flowers University Professor,Harvard University,,,,,,,,,"Dr. Whitesides focuses on three topics: complexity, reductionism, and movies.",LECTURE,,Applied Science,"Chemistry; Chemistry, Physical and theoretical; Biochemistry",,,,,,https://diglib.amphilsoc.org/islandora/object/video:482,https://diglib.amphilsoc.org/_flysystem/fedora/2023-12/318947-Service%20File.mp4,,,
April 2005,Discovery and Invention in Contemporary Chemistry,2005-04-28,Panel Discussion,,"Clardy, Jon",Jon Clardy,Professor,Harvard Medical School,,,"Whitesides, G. M.",George M. Whitesides,Woodford L. and Ann A. Flowers University Professor,Harvard University,,,A 15-minute general question period. All the speakers answer questions from the audience.,PANEL,,Applied Science,"Chemistry; Chemistry, Physical and theoretical; Biochemistry",,,,,,https://diglib.amphilsoc.org/islandora/object/video:486,https://diglib.amphilsoc.org/_flysystem/fedora/2023-12/318506-Service%20File.mp4,,,Jerrold Meinwald also listed as speaker on program
April 2005,,2005-04-29,Admission of New Members,,"Rhodes, Frank Harold Trevor",Frank H.T. Rhodes,Vice President,American Philosophical Society,,,,,,,,,"Dr. Harry B. Gray, Dr. Jean Perrot, and Dr. Yaakov Ziv are admitted into the Society and sign the members' book.",INDUCTION,,APS Archives,"American Philosophical Society, Members",,,"Ziṿ, Yaʻaḳov; Gray, Harry B.; Perrot, Jean, 1920-2012",,,https://diglib.amphilsoc.org/islandora/object/video:489,https://diglib.amphilsoc.org/_flysystem/fedora/2023-12/318827-Service%20File.mp4,,,
April 2005,,2005-04-29,20th and 21st Century Climate Change,,"Washington, Warren M.",Warren M. Washington,Senior Scientist,The National Center for Atmospheric Research,,,,,,,,,"At the spring 2005 meeting, Washington presents a 20-minute talk on the history of climate change and its skeptics.",LECTURE,History of Science,History of Science,"Climactic changes, history; Climactic changes",,,,,http://opac.amphilsoc.org/cgi-bin/koha/opac-detail.pl?biblionumber=237966,https://diglib.amphilsoc.org/islandora/object/video:493,https://diglib.amphilsoc.org/_flysystem/fedora/2023-12/318694-Service%20File.mp4,,,
April 2005,,2005-04-29,Earthquake Prediction: A Gambler's Game,,"Jordan, Thomas H. (Thomas Hilman), 1948-",Thomas H. Jordan,University Professor and Director of the Southern California Earthquake Center,University of Southern California,,,,,,,,,How to predict earthquakes? Most scientists are very skeptical that we will every be able to accuratly predict large earthquakes. Not a single large earthquake has been predicted for California.,LECTURE,,Applied Science,Earthquake prediction; Earthquakes,,,,,,https://diglib.amphilsoc.org/islandora/object/video:497,https://diglib.amphilsoc.org/_flysystem/fedora/2023-12/318765-Service%20File.mp4,,,
April 2005,,2005-04-29,Marvels of Bacterial Behavior,,"Berg, Howard C., 1934-",Howard C. Berg,Herchel Smith Professor of Physics and Professor of Molecular and Cellular Biology,Harvard University,,,,,,,,,"An engaging lecture on the history of bacteria, how they move, and how they grow.",LECTURE,,Applied Science,"Bacteria, Physiology; Bacteria, Movement; Microbiology",,,,,,https://diglib.amphilsoc.org/islandora/object/video:501,https://diglib.amphilsoc.org/_flysystem/fedora/2023-12/318537-Service%20File.mp4,,,
April 2005,,2005-04-29,Treasures Revealed: 260 Years of Collecting at the American Philosophical Society,,"Prince, Sue Ann",Sue Ann Prince,"Director, Museum Exhibitions & Collections",The American Philosophical Society,,,,,,,,,Dr. Prince gives a virtual tour of the Treasures exhibit at Philosophical Hall titled: Treasures Revealed!,ARCHIVES,,APS Archives,"American Philosophical Society, History; American Philosophical Society, Exhibitions; American Philosophical Society",,,,,,https://diglib.amphilsoc.org/islandora/object/video:505,https://diglib.amphilsoc.org/_flysystem/fedora/2023-12/318550-Service%20File.mp4,,,
April 2005,,2005-04-29,Admission of New Members,,"Rhodes, Frank Harold Trevor",Frank H.T. Rhodes,Vice President,American Philosophical Society,,,,,,,,,"Dr. Marvin L. Cohen, Dr. Robert Middlekauff, and Dr. Amartya Sen are admitted into the Society and sign the members' book.",INDUCTION,,APS Archives,"American Philosophical Society, Members",,,,,,https://diglib.amphilsoc.org/islandora/object/video:509,https://diglib.amphilsoc.org/_flysystem/fedora/2023-12/318801-Service%20File.mp4,,,
April 2005,,2005-04-29,Found in Translation: Travels Between Languages,,"Wood, Michael, 1936-",Michael Wood,Professor of English,Princeton University,,,,,,,,,Dr. Wood describes the difficulty of translation between languages. He gives specific examples from Gabriel García Márquez and Goethe.,LECTURE,,Literature,Language and Languages,,,"Márquez, Gabriel García, 1927-2014; Goethe, Johann Wolfgang von, 1749-1832",,https://opac.amphilsoc.org/cgi-bin/koha/opac-detail.pl?biblionumber=973,https://diglib.amphilsoc.org/islandora/object/video:512,https://diglib.amphilsoc.org/_flysystem/fedora/2023-12/318722-Service%20File.mp4,,,Category: Literature?
April 2005,,2005-04-29,Mark Twain's Humor - With Examples,,"Middlekauff, Robert",Robert Middlekauff,"Preston Hotchkiss Professor of American History, Emeritus Department of History",University of California at Berkeley,,,,,,,,,Dr. Middlekauff gives a witty lecture and compares aphorisms from Franklin and Twain.,LECTURE,,Literature,Wit and humor,,,"Twain, Mark, 1835-1910; Franklin, Benjamin, 1706-1790",,http://opac.amphilsoc.org/cgi-bin/koha/opac-detail.pl?biblionumber=974,https://diglib.amphilsoc.org/islandora/object/video:516,https://diglib.amphilsoc.org/_flysystem/fedora/2023-12/318923-Service%20File.mp4,,,Category: Literature?
April 2005,,2005-04-29,Identity and the Violence of Illusion,,"Sen, Amartya, 1933-",Amartya Sen,Lamont University Professor and Professor of Economics and Philosophy,Harvard University,,,,,,,,,"Dr. Sen's lecture explores the meaning of identity and how it can lead to both positive and negative interactions, i.e. people helping neighbors in a crisis vs. an Us vs. Them ideology during the very same crisis.",LECTURE,,Philosophy,Social sciences; Philosophy,,,,,,https://diglib.amphilsoc.org/islandora/object/video:523,https://diglib.amphilsoc.org/_flysystem/fedora/2024-01/318539-Service%20File.mp4,,,
April 2005,,2005-04-30,Admission of New Members,,"Rhodes, Frank Harold Trevor",Frank H.T. Rhodes,Vice President,American Philosophical Society,,,,,,,,,Justice Stephen Breyer and Prof. Caroline Humphrey are admitted into the Society and sign the members' book.,INDUCTION,,APS Archives,"American Philosophical Society, Members",,,"Breyer, Stephen G., 1938-; Humphrey, Caroline",,,https://diglib.amphilsoc.org/islandora/object/video:533,https://diglib.amphilsoc.org/_flysystem/fedora/2023-12/318520-Service%20File.mp4,,,
April 2005,,2005-04-30,Newtonianism for Ladies: Science in the Mirror of Enlightenment Society,,"Findlen, Paula",Paula Findlen,Ubaldo Pierotti Professor of Italian History,Stanford University,,,,,,,,,"Dr. Findlen explains how Enlightenment knowledge was disseminated in the 17th century for laypeople, specifically women.",LECTURE,History of Science,History|History of Science,"Women in science; Science, Italy, History, 17th century; Enlightenment",,,,,,https://diglib.amphilsoc.org/islandora/object/video:538,https://diglib.amphilsoc.org/_flysystem/fedora/2023-12/318597-Service%20File.mp4,,,
April 2005,,2005-04-30,Life in Common and Russian Ideas About Freedom,Henry Allen Moe Prize in the Humanities,"Humphrey, Caroline",Caroline Humphrey,Professor of Asian Anthropology,Cambridge University,,,,,,,,,"Awarded the Henry Allen Moe Prize in the Humanities in 2008, this lecture takes an anthropological look at the Soviet concept of ""freedom"" and how it differs from the US concept.",LECTURE,,Anthropology,"Liberty; Human rights, Russia; Anthropology","United States, Philadelphia",,,Henry Allen Moe Prize in the Humanities,http://opac.amphilsoc.org/cgi-bin/koha/opac-detail.pl?biblionumber=1001,https://diglib.amphilsoc.org/islandora/object/video:542,https://diglib.amphilsoc.org/_flysystem/fedora/2023-12/318875-Service%20File.mp4,,,
April 2005,The Power of the Atom,2005-04-30,"Atomic Weapons (November 16, 1945)",,"Oppenheimer, J. Robert, 1904-1967",J. Robert Oppenheimer,,California Institute of Technology,,,"Dyson, Freeman J.",Freeman J. Dyson,,,,,Freeman Dyson introduces a video of Oppenheimer's views on the Power of the Atom from November 1945. Oppenheimer calls for a stop to nuclear proliferation.,LECTURE,History of Science,History of Science,Nuclear weapons; Nuclear nonproliferation,"United States, Philadelphia",,,,http://opac.amphilsoc.org/cgi-bin/koha/opac-detail.pl?biblionumber=37348,https://diglib.amphilsoc.org/islandora/object/video:546,https://diglib.amphilsoc.org/_flysystem/fedora/2023-12/318660-Service%20File.mp4,,,
April 2005,The Power of the Atom,2005-04-30,Living with Nuclear Weapons: Fifty Years and Counting,,"Garwin, Richard L.",Richard L. Garwin,IBM Fellow Emeritus,T.J. Watson Research Center,,,,,,,,,Garwin picks up where Oppenheimer left off. He talks about his own research into nuclear weapons.,LECTURE,History of Science,History of Science|Applied Science,Nuclear weapons; Nuclear nonproliferation,"United States, Philadelphia",,,,http://opac.amphilsoc.org/cgi-bin/koha/opac-detail.pl?biblionumber=1603,https://diglib.amphilsoc.org/islandora/object/video:551,https://diglib.amphilsoc.org/_flysystem/fedora/2023-12/318517-Service%20File.mp4,,,Add link to Garwin Collection?